/*------------------------------------------------*/
INSERT INTO `category` (`id`, `created_date`, `modified_date`, `description`, `name`, `parent_id`) VALUES
  (1, '2017-03-24 10:54:45', '2017-03-24 10:54:45', 'Category', 'Category', NULL),
  (2, '2017-03-24 10:54:45', '2017-03-24 10:54:45', '', 'Computer Engineering', 1),
  (3, '2017-03-24 10:54:45', '2017-03-24 10:54:45', '', 'Laptops and laptop accessories', 2),
  (4, '2017-03-24 10:54:45', '2017-03-24 10:54:45', '', 'Laptops', 3),
  (5, '2017-03-24 10:54:45', '2017-03-24 10:54:45', '', 'Laptop Bags', 3),
  (6, '2017-03-24 10:54:45', '2017-03-24 10:54:45', '', 'PC Hardware', 2),
  (7, '2017-03-24 10:54:45', '2017-03-24 10:54:45', '', 'Hard drives', 6),
  (8, '2017-03-24 10:54:46', '2017-03-24 10:54:46', '', 'HDD for laptops', 6),
  (9, '2017-03-24 10:54:46', '2017-03-24 10:54:46', '', 'SSD Drives', 6),
  (10, '2017-03-24 10:54:46', '2017-03-24 10:54:46', '', 'Periphery', 2),
  (11, '2017-03-24 10:54:46', '2017-03-24 10:54:46', '', 'Monitors', 10),
  (12, '2017-03-24 10:54:46', '2017-03-24 10:54:46', '', 'Keyboard', 10),
  (13, '2017-03-24 10:54:46', '2017-03-24 10:54:46', '', 'Mice', 10),
  (14, '2017-03-24 10:54:46', '2017-03-24 10:54:46', '', 'Phones, Tablet', 1),
  (15, '2017-03-24 10:54:46', '2017-03-24 10:54:46', '', 'Household appliances', 1),
  (16, '2017-03-24 10:54:46', '2017-03-24 10:54:46', '', 'Office machines', 1),
  (17, '2017-03-24 10:54:46', '2017-03-24 10:54:46', '', 'Mobile Phones', 14),
  (18, '2017-03-24 10:54:46', '2017-03-24 10:54:46', '', 'Accessories for mobile phones', 14),
  (19, '2017-03-24 10:54:46', '2017-03-24 10:54:46', '', 'Laptop battery', 18),
  (20, '2017-03-24 10:54:47', '2017-03-24 10:54:47', '', 'Micro SD', 18),
  (21, '2017-03-24 10:54:47', '2017-03-24 10:54:47', '', 'Bluetooth headset', 18),
  (22, '2017-03-24 10:54:47', '2017-03-24 10:54:47', '', 'Tablets', 14);
/*!40000 ALTER TABLE `category` ENABLE KEYS */;
/*------------------------------------------------*/
/*!40000 ALTER TABLE `category_children` DISABLE KEYS */;
INSERT INTO `category_children` (`category_id`, `children_id`) VALUES
  (1, 2),
  (1, 14),
  (1, 15),
  (1, 16),
  (2, 3),
  (2, 6),
  (2, 10),
  (3, 4),
  (3, 5),
  (6, 7),
  (6, 8),
  (6, 9),
  (10, 11),
  (10, 12),
  (10, 13),
  (14, 17),
  (14, 18),
  (14, 22),
  (18, 19),
  (18, 20),
  (18, 21);
/*!40000 ALTER TABLE `category_children` ENABLE KEYS */;

/*------------------------------------------------*/
INSERT INTO `product` (`id`, `created_date`, `modified_date`, `ava_name`, `name`, `price`, `search_string`, `category_id`) VALUES
  (1, '2017-03-24 10:54:48', '2017-03-24 10:54:48', 'ava.jpg', 'Asus Zenbook Pro UX501VW', 37299, 'Asus Zenbook Pro UX501VW Laptops Чотирьохядерний Intel Core i7-6700HQ (2.6 - 3.5 ГГц) 15.6" IPS (1920x1080) FullHD, матовий) 16 ГБ 1600 МГц DDR3L 256 ГБ SSD ', 4),
  (2, '2017-03-24 10:54:48', '2017-03-24 10:54:48', 'ava.jpg', 'Asus X302UV', 21499, 'Asus X302UV Laptops Двоядерний Intel Core i7-6500U (2.5 - 3.1 ГГц) 13.3", 1920x1080, IPS, матовий 8 ГБ 1600 МГц DDR3L 2 ТБ ', 4),
  (3, '2017-03-24 10:54:48', '2017-03-24 10:54:48', 'ava.jpg', 'Сумка для ноутбука Targus 15.6" TBB565EU Black', 575, 'Сумка для ноутбука Targus 15.6" TBB565EU Black Laptop Bags Рюкзак 15"-15.6" поліестер Зовнішні розміри: 320 х 460 х 70 мм ', 5),
  (4, '2017-03-24 10:54:48', '2017-03-24 10:54:48', 'ava.jpg', 'Сумка для ноутбука HP Professional Backpack Case (H4J93AA)', 1316, 'Сумка для ноутбука HP Professional Backpack Case (H4J93AA) Laptop Bags Рюкзак 15,6 нейлон Зовнішні розміри: 320 х 460 х 70 мм ', 5),
  (5, '2017-03-24 10:54:48', '2017-03-24 10:54:48', 'ava.jpg', 'HDD WD Caviar Green 2000GB (WD20EARX) 5400rpm 64Mb 3,5&quot; SATAIII', 1750, 'HDD WD Caviar Green 2000GB (WD20EARX) 5400rpm 64Mb 3,5&quot; SATAIII Hard drives 2000 Гб 3.5 SATA III 6 Гбіт/сек ', 7),
  (6, '2017-03-24 10:54:48', '2017-03-24 10:54:48', 'ava.jpg', 'HDD Western Digital Blue 250GB 7200rpm 16Mb 3.5 SATA III (WD2500AAKX)', 519, 'HDD Western Digital Blue 250GB 7200rpm 16Mb 3.5 SATA III (WD2500AAKX) Hard drives 250 Гб 3.5 SATA III 6 Гбіт/сек ', 7),
  (7, '2017-03-24 10:54:48', '2017-03-24 10:54:48', 'ava.jpg', 'HDD для ноутбука Toshiba 320Gb', 999, 'HDD для ноутбука Toshiba 320Gb HDD for laptops 320 Гб 5400 (об/хв) 8 Mb SATA II ', 8),
  (8, '2017-03-24 10:54:48', '2017-03-24 10:54:48', 'ava.jpg', 'Xiaomi Redmi 3S 2/16 Gold', 3732, 'Xiaomi Redmi 3S 2/16 Gold Mobile Phones ', 17),
  (9, '2017-03-24 10:54:48', '2017-03-24 10:54:48', 'ava.jpg', 'Asus ZenFone Go ZC500TG 16Gb Dual Sim Black (ZC500TG-1A131WW)', 3228, 'Asus ZenFone Go ZC500TG 16Gb Dual Sim Black (ZC500TG-1A131WW) Mobile Phones ', 17),
  (10, '2017-03-24 10:54:48', '2017-03-24 10:54:48', 'ava.jpg', 'Nokia 222 Black', 1037, 'Nokia 222 Black Mobile Phones ', 17),
  (11, '2017-03-24 10:54:48', '2017-03-24 10:54:48', 'ava.jpg', 'Lenovo A (A1000M) white', 1619, 'Lenovo A (A1000M) white Mobile Phones ', 17),
  (12, '2017-03-24 10:54:48', '2017-03-24 10:54:48', 'ava.jpg', 'Apple iPhone 7 Plus 128Gb Rose Gold (MN4U2FS/A)', 33525, 'Apple iPhone 7 Plus 128Gb Rose Gold (MN4U2FS/A) Mobile Phones ', 17),
  (13, '2017-03-24 10:54:48', '2017-03-24 10:54:48', 'ava.jpg', 'Apple iPhone 7 256Gb Gold (MN992FS/A)', 30845, 'Apple iPhone 7 256Gb Gold (MN992FS/A) Mobile Phones ', 17),
  (14, '2017-03-24 10:54:49', '2017-03-24 10:54:49', 'ava.jpg', 'Micro SD Transcend MicroSDHC (Class 10) 16Gb + SD adapter (TS16GUSDHC10)', 221, 'Micro SD Transcend MicroSDHC (Class 10) 16Gb + SD adapter (TS16GUSDHC10) Micro SD ', 20),
  (15, '2017-03-24 10:54:49', '2017-03-24 10:54:49', 'ava.jpg', 'Micro SD Transcend MicroSDHC (Class 10) 32Gb (TS32GUSDHC10) + adapter', 423, 'Micro SD Transcend MicroSDHC (Class 10) 32Gb (TS32GUSDHC10) + adapter Micro SD ', 20),
  (16, '2017-03-24 10:54:49', '2017-03-24 10:54:49', 'ava.jpg', 'Micro SD Kingston microSDXC 64GB Class 10 UHS-I + SD адаптер (SDC10G2/64GB)', 747, 'Micro SD Kingston microSDXC 64GB Class 10 UHS-I + SD адаптер (SDC10G2/64GB) Micro SD ', 20),
  (17, '2017-03-24 10:54:49', '2017-03-24 10:54:49', 'ava.jpg', 'Портативна батарея Dell Power Companion 18000 mAh (451-BBMV)', 4770, 'Портативна батарея Dell Power Companion 18000 mAh (451-BBMV) Laptop battery ', 19),
  (18, '2017-03-24 10:54:49', '2017-03-24 10:54:49', 'ava.jpg', 'Портативна батарея Xiaomi Mi Power Bank 10000mAh (NDY-02-AN) Silver', 389, 'Портативна батарея Xiaomi Mi Power Bank 10000mAh (NDY-02-AN) Silver Laptop battery ', 19),
  (19, '2017-03-24 10:54:49', '2017-03-24 10:54:49', 'ava.jpg', 'Портативна батарея Xiaomi Mi Power bank 16000mAh ORIGINAL', 663, 'Портативна батарея Xiaomi Mi Power bank 16000mAh ORIGINAL Laptop battery ', 19),
  (20, '2017-03-24 10:54:49', '2017-03-24 10:54:49', 'ava.jpg', 'Портативна батарея Xiaomi Mi Power bank 5000mAh ORIGINAL', 999, 'Портативна батарея Xiaomi Mi Power bank 5000mAh ORIGINAL Laptop battery ', 19),
  (21, '2017-03-24 10:54:49', '2017-03-24 10:54:49', 'ava.jpg', 'Портативна батарея Dell Power Companion USB-C 12000 mAh (451-BBVT)', 4770, 'Портативна батарея Dell Power Companion USB-C 12000 mAh (451-BBVT) Laptop battery ', 19),
  (22, '2017-03-24 10:54:49', '2017-03-24 10:54:49', 'ava.jpg', 'Портативна батарея Asus ZEN POWER 10050mAh Black (EU) (90AC00P0-BBT026)', 715, 'Портативна батарея Asus ZEN POWER 10050mAh Black (EU) (90AC00P0-BBT026) Laptop battery ', 19),
  (23, '2017-03-24 10:54:49', '2017-03-24 10:54:49', 'ava.jpg', 'Планшетний ПК Apple A1674 iPad 9.7 Pro Wi-Fi 4G 32GB Space Gray', 24551, 'Планшетний ПК Apple A1674 iPad 9.7 Pro Wi-Fi 4G 32GB Space Gray Tablets ', 22),
  (24, '2017-03-24 10:54:49', '2017-03-24 10:54:49', 'ava.jpg', 'Планшетний ПК Lenovo Yoga Book YB1-X91F Wi-Fi Windows (ZA150018UA)', 18710, 'Планшетний ПК Lenovo Yoga Book YB1-X91F Wi-Fi Windows (ZA150018UA) Tablets ', 22),
  (25, '2017-03-24 10:54:49', '2017-03-24 10:54:49', 'ava.jpg', 'Планшетний ПК Apple A1550 iPad mini 4 Wi-Fi 4G 32Gb Space Gray', 19299, 'Планшетний ПК Apple A1550 iPad mini 4 Wi-Fi 4G 32Gb Space Gray Tablets ', 22),
  (26, '2017-03-24 10:54:49', '2017-03-24 10:54:49', 'ava.jpg', 'Планшетний ПК Samsung Galaxy Tab Pro S 128Gb Black (SM-W708NZKASER)', 33418, 'Планшетний ПК Samsung Galaxy Tab Pro S 128Gb Black (SM-W708NZKASER) Tablets ', 22),
  (27, '2017-03-24 10:54:49', '2017-03-24 10:54:49', 'ava.jpg', 'ланшетний ПК Lenovo Tab 3 710F 16GB WiFi Black (ZA0R0084UA)', 2326, 'ланшетний ПК Lenovo Tab 3 710F 16GB WiFi Black (ZA0R0084UA) Tablets ', 22);
/*!40000 ALTER TABLE `product` ENABLE KEYS */;

/*------------------------------------------------*/
/*!40000 ALTER TABLE `description` DISABLE KEYS */;
INSERT INTO `description` (`id`, `created_date`, `modified_date`, `type`, `value`, `product_id`) VALUES
  (1, '2017-03-24 10:54:47', '2017-03-24 10:54:47', 'Процесор', 'Чотирьохядерний Intel Core i7-6700HQ (2.6 - 3.5 ГГц)', 1),
  (2, '2017-03-24 10:54:47', '2017-03-24 10:54:47', 'Дисплей', '15.6" IPS (1920x1080) FullHD, матовий)', 1),
  (3, '2017-03-24 10:54:47', '2017-03-24 10:54:47', 'Оперативна пам`ять', '16 ГБ 1600 МГц DDR3L', 1),
  (4, '2017-03-24 10:54:47', '2017-03-24 10:54:47', 'Жорсткий диск', '256 ГБ SSD', 1),
  (5, '2017-03-24 10:54:47', '2017-03-24 10:54:47', 'Процесор', 'Двоядерний Intel Core i7-6500U (2.5 - 3.1 ГГц)', 2),
  (6, '2017-03-24 10:54:47', '2017-03-24 10:54:47', 'Дисплей', '13.3", 1920x1080, IPS, матовий', 2),
  (7, '2017-03-24 10:54:47', '2017-03-24 10:54:47', 'Оперативна пам`ять', '8 ГБ 1600 МГц DDR3L', 2),
  (8, '2017-03-24 10:54:47', '2017-03-24 10:54:47', 'Жорсткий диск', '2 ТБ', 2),
  (9, '2017-03-24 10:54:47', '2017-03-24 10:54:47', 'Тип', 'Рюкзак', 3),
  (10, '2017-03-24 10:54:47', '2017-03-24 10:54:47', 'Розмір матриці (дюймів)', '15"-15.6"', 3),
  (11, '2017-03-24 10:54:47', '2017-03-24 10:54:47', 'Матеріал', 'поліестер', 3),
  (12, '2017-03-24 10:54:47', '2017-03-24 10:54:47', 'Габаритні розміри', 'Зовнішні розміри: 320 х 460 х 70 мм', 3),
  (13, '2017-03-24 10:54:47', '2017-03-24 10:54:47', 'Тип', 'Рюкзак', 4),
  (14, '2017-03-24 10:54:47', '2017-03-24 10:54:47', 'Розмір матриці (дюймів)', '15,6', 4),
  (15, '2017-03-24 10:54:47', '2017-03-24 10:54:47', 'Матеріал', 'нейлон', 4),
  (16, '2017-03-24 10:54:47', '2017-03-24 10:54:47', '32.39x45.09x20.63 см', 'Зовнішні розміри: 320 х 460 х 70 мм', 4),
  (17, '2017-03-24 10:54:47', '2017-03-24 10:54:47', 'Об`єм пам`яті', '2000 Гб', 5),
  (18, '2017-03-24 10:54:47', '2017-03-24 10:54:47', 'Формфактор', '3.5', 5),
  (19, '2017-03-24 10:54:47', '2017-03-24 10:54:47', 'Інтерфейс', 'SATA III', 5),
  (20, '2017-03-24 10:54:47', '2017-03-24 10:54:47', 'Пропускна здатність', '6 Гбіт/сек', 5),
  (21, '2017-03-24 10:54:47', '2017-03-24 10:54:47', 'Об`єм пам`яті', '250 Гб', 6),
  (22, '2017-03-24 10:54:47', '2017-03-24 10:54:47', 'Формфактор', '3.5', 6),
  (23, '2017-03-24 10:54:47', '2017-03-24 10:54:47', 'Інтерфейс', 'SATA III', 6),
  (24, '2017-03-24 10:54:48', '2017-03-24 10:54:48', 'Пропускна здатність', '6 Гбіт/сек', 6),
  (25, '2017-03-24 10:54:48', '2017-03-24 10:54:48', 'Об`єм пам`яті', '320 Гб', 7),
  (26, '2017-03-24 10:54:48', '2017-03-24 10:54:48', 'Швидкість обертання', '5400 (об/хв)', 7),
  (27, '2017-03-24 10:54:48', '2017-03-24 10:54:48', 'Об`єм буфера', '8 Mb', 7),
  (28, '2017-03-24 10:54:48', '2017-03-24 10:54:48', 'Інтерфейс', 'SATA II', 7);
/*!40000 ALTER TABLE `description` ENABLE KEYS */;

/*------------------------------------------------*/
INSERT INTO `user` (`id`, `created_date`, `modified_date`, `ava_name`, `email`, `enabled`, `first_name`, `last_name`, `password`, `phone_number`, `role`, `sex`, `user_name`) VALUES
  (1, '2017-03-24 10:54:52', '2017-03-24 10:54:52', NULL, 'admin@gmai.com', b'1', 'admin', 'admin', '$2a$10$V6At4NFWGYQiMrTlnldswuKDu18NpOljlA1200ZE.UIuP72tMx7ge', '+380-67-501-22-32', 'ROLE_ADMIN', 'MALE', 'admin'),
  (2, '2017-03-24 10:54:52', '2017-03-24 10:54:52', NULL, 'user2@gmai.com', b'1', 'user2', 'user2', '$2a$10$/FqSrZBGnM1slFmXLOuhAOGZ9BllsYPQkIDOpZdMcN6QuMteTsu9m', '+380-67-211-11-32', 'ROLE_USER', 'MALE', 'user2'),
  (3, '2017-03-24 10:54:52', '2017-03-24 10:54:52', NULL, 'user3@gmai.com', b'1', 'user3', 'user3', '$2a$10$VRJT.8yChoqBagDzAByLxuHYBSFnHtq2i176LyKE3Iug7DVm5IgIq', '+380-62-501-11-32', 'ROLE_USER', 'FEMALE', 'user3'),
  (4, '2017-03-24 10:54:52', '2017-03-24 10:54:52', NULL, 'user4@gmai.com', b'1', 'user4', 'user4', '$2a$10$haQIndRKf6U.5JWaeiGXIuT5bk3VXnXs0vnA56M50p3X57/bnwCca', '+380-67-501-31-32', 'ROLE_USER', 'MALE', 'user4'),
  (5, '2017-03-24 10:54:53', '2017-03-24 10:54:53', NULL, 'user5@gmai.com', b'1', 'user5', 'user5', '$2a$10$nCLgpfx0MvMygFky5Fc9qegSLYn3uRx2wjBQBtUm5jR0Q7fZbXjaS', '+380-67-401-11-32', 'ROLE_USER', 'FEMALE', 'user5'),
  (6, '2017-03-24 10:54:53', '2017-03-24 10:54:53', NULL, 'user6@gmai.com', b'1', 'user6', 'user6', '$2a$10$84NA2Bc7n9EpONuJBtwxZ.YhjP86OJkOO59GVprq2UszIIOd12SOe', '+380-67-501-11-31', 'ROLE_USER', 'MALE', 'user6'),
  (7, '2017-03-24 10:54:53', '2017-03-24 10:54:53', NULL, 'user7@gmai.com', b'1', 'user7', 'user7', '$2a$10$W0WEixSVePwFbTWZ77zNkujxaAWFWXpvhaxkGjChuAOJqeIbrKGLi', '+380-67-509-11-32', 'ROLE_USER', 'MALE', 'user7'),
  (8, '2017-03-24 10:54:53', '2017-03-24 10:54:53', NULL, 'user9@gmai.com', b'1', 'user9', 'user9', '$2a$10$S5FAnb9.rYrv6k2IUX9QG.SRQ5/qqxLzBRlc0cwvM.XO1F/tOIr4e', '+380-67-211-11-32', 'ROLE_USER', 'MALE', 'user9'),
  (9, '2017-03-24 10:54:53', '2017-03-24 10:54:53', NULL, 'user11@gmai.com', b'1', 'user11', 'user11', '$2a$10$2nuLOllsI568oAImrTDt7.eCzlqU4R3wwiwuIlDMw5GH1BDI2dHny', '+380-62-501-11-32', 'ROLE_USER', 'FEMALE', 'user11'),
  (10, '2017-03-24 10:54:53', '2017-03-24 10:54:53', NULL, 'user13@gmai.com', b'1', 'user13', 'user13', '$2a$10$Rg5sVojen8zGDqdN2sf...jnY5iEWd8RIg.gR7.qgzQfwsGXJtQOK', '+380-67-501-31-32', 'ROLE_USER', 'MALE', 'user13'),
  (11, '2017-03-24 10:54:54', '2017-03-24 10:54:54', NULL, 'user15@gmai.com', b'1', 'user15', 'user15', '$2a$10$lUTi88nZFdkavwo/LmuxT.vXx9kmZ5JVflIOSqZT8QF1iMwJZflfG', '+380-67-401-11-32', 'ROLE_USER', 'FEMALE', 'user15'),
  (12, '2017-03-24 10:54:54', '2017-03-24 10:54:54', NULL, 'user17@gmai.com', b'1', 'user17', 'user17', '$2a$10$3sSFd.13IlggDeKHJmBJ4.MXfKqph6bXinjw6cPe2kuWBU99sXZVe', '+380-67-501-11-31', 'ROLE_USER', 'MALE', 'user17'),
  (13, '2017-03-24 10:54:54', '2017-03-24 10:54:54', NULL, 'user8@gmai.com', b'1', 'user8', 'user8', '$2a$10$lRbERoyjdv32prqVOtQQIu4YHIG1/QH0IFnS5/8EwR6AmHT2CkyIK', '+380-67-509-11-32', 'ROLE_USER', 'MALE', 'user8'),
  (14, '2017-03-24 10:54:54', '2017-03-24 10:54:54', NULL, 'user10@gmai.com', b'1', 'user10', 'user10', '$2a$10$H8dk5NYJAUWyPQzm79EUe.KIXy8KlQileaxV0mpdxdFWdR5dn/JzS', '+380-67-211-11-32', 'ROLE_USER', 'MALE', 'user10'),
  (15, '2017-03-24 10:54:54', '2017-03-24 10:54:54', NULL, 'user12@gmai.com', b'1', 'user12', 'user12', '$2a$10$vsYKHURjCi2M9byv9FAvmeNmaZFAGNu2EFm4X.IZKootDiTNbJabe', '+380-62-501-11-32', 'ROLE_USER', 'FEMALE', 'user12'),
  (16, '2017-03-24 10:54:54', '2017-03-24 10:54:54', NULL, 'user14@gmai.com', b'1', 'user14', 'user14', '$2a$10$ks01QE7DV58W/47Yy8APoeGhJsUrZagAn2PPTwwAqGJwM2gHEQMB2', '+380-67-501-31-32', 'ROLE_USER', 'MALE', 'user14'),
  (17, '2017-03-24 10:54:55', '2017-03-24 10:54:55', NULL, 'user16@gmai.com', b'1', 'user16', 'user16', '$2a$10$232fWxwfIJZ2ITbQUZRxXu09zxhRwvQNJSRrISzL7eabcwZk96Soe', '+380-67-401-11-32', 'ROLE_USER', 'FEMALE', 'user16'),
  (18, '2017-03-24 10:54:55', '2017-03-24 10:54:55', NULL, 'user18@gmai.com', b'1', 'user18', 'user18', '$2a$10$xE4JcKbjwnfyXxZjfgsRvOsAoZy9/uO/2vcAd69a04x4ma7.Io106', '+380-67-501-11-31', 'ROLE_USER', 'MALE', 'user18'),
  (19, '2017-03-24 10:54:55', '2017-03-24 10:54:55', NULL, 'Yulia0@gmai.com', b'1', 'Lyubomir', 'Tanya', '$2a$10$rKmwGc7qL4HLY3vDwo2bqOfSBaSYP1fUzuKH/q5KbZQWj1gvxnmg.', '+380-67-509-11-32', 'ROLE_USER', 'MALE', 'Taras0'),
  (20, '2017-03-24 10:54:55', '2017-03-24 10:54:55', NULL, 'Christina1@gmai.com', b'1', 'Daniel', 'Daniel', '$2a$10$FjDpV7toQCCz4KAQ7IFJjerTDWjMflX2DVzOdJ64V3kgCStBWEUfy', '+380-67-509-11-32', 'ROLE_USER', 'FEMALE', 'Christina1'),
  (21, '2017-03-24 10:54:55', '2017-03-24 10:54:55', NULL, 'Tanya2@gmai.com', b'1', 'Εlizaveta ', 'Aleksey', '$2a$10$6JYbEyIWVB0oh7oHPZgMPOR1KJ4EYkAyuqwwmjYkorpNFb10mwMi6', '+380-67-509-11-32', 'ROLE_USER', 'MALE', 'Alyex2'),
  (22, '2017-03-24 10:54:55', '2017-03-24 10:54:55', NULL, 'Roman3@gmai.com', b'1', 'Daniel', 'Εlizaveta ', '$2a$10$aO0tfcXHLD1Syv184SgcfugTYyR2sx56l/mqs5qYabz/0STg9B6lG', '+380-67-509-11-32', 'ROLE_USER', 'FEMALE', 'Christina3'),
  (23, '2017-03-24 10:54:55', '2017-03-24 10:54:55', NULL, 'Εlizaveta 4@gmai.com', b'1', 'Dmitry', 'Vova', '$2a$10$Up/3dkN4/pVs8Tyr9YXUreR5ob1dl2tSe89EDvXuAvo/Ms7p2OQia', '+380-67-509-11-32', 'ROLE_USER', 'MALE', 'Dmitry4'),
  (24, '2017-03-24 10:54:56', '2017-03-24 10:54:56', NULL, 'Tanya5@gmai.com', b'1', 'Taras', 'Dmitry', '$2a$10$YSoDoS00bkmJMl91nhSKR.LXQ1emeyzuZtJhj/RivmFBuavCElrVO', '+380-67-509-11-32', 'ROLE_USER', 'FEMALE', 'Anya5'),
  (25, '2017-03-24 10:54:56', '2017-03-24 10:54:56', NULL, 'Εlizaveta 6@gmai.com', b'1', 'Taras', 'Lyubomir', '$2a$10$HjL4zr7J3mmssqAHWuUpwO/QWvXHwAqu3nx4gz/doFlLwOqzoh.j6', '+380-67-509-11-32', 'ROLE_USER', 'MALE', 'Alyex6'),
  (26, '2017-03-24 10:54:56', '2017-03-24 10:54:56', NULL, 'Daniel7@gmai.com', b'1', 'Anya', 'Lyubomir', '$2a$10$Xd/QAQZoRVz2wg2Gctwol.xQozfAPEAYakNGesH507196C8MQhWA2', '+380-67-509-11-32', 'ROLE_USER', 'FEMALE', 'Taras7'),
  (27, '2017-03-24 10:54:56', '2017-03-24 10:54:56', NULL, 'Daniel8@gmai.com', b'1', 'Lyubomir', 'Daniel', '$2a$10$Q7XN9R9xEAGYxnksf113tOlLB1CrPa.NtIyHu9aOnAv7Gy/zKtUJW', '+380-67-509-11-32', 'ROLE_USER', 'MALE', 'Christina8'),
  (28, '2017-03-24 10:54:56', '2017-03-24 10:54:56', NULL, 'Christina9@gmai.com', b'1', 'Dima', 'Dmitry', '$2a$10$hKvVqiGiJdhNuVnlk0QGBOTaTBCmrbo95Hvb20nD5NlCXHKbXSFfW', '+380-67-509-11-32', 'ROLE_USER', 'FEMALE', 'Roman9'),
  (29, '2017-03-24 10:54:56', '2017-03-24 10:54:56', NULL, 'Dima10@gmai.com', b'1', 'Andrey ', 'Taras', '$2a$10$8Hg9AnsJT2saiKIDLQQhnOhogvbIn8UgtnMwAgE4HV3YgC1kHU1Za', '+380-67-509-11-32', 'ROLE_USER', 'MALE', 'Yulia10'),
  (30, '2017-03-24 10:54:56', '2017-03-24 10:54:56', NULL, 'Andrey 11@gmai.com', b'1', 'Andrey ', 'Lyubomir', '$2a$10$t8ZRTywuywe9gSWmZ5EuNO9Up58m4vfrAILTHSrKcxMOHnOuyX8mS', '+380-67-509-11-32', 'ROLE_USER', 'FEMALE', 'Yulia11'),
  (31, '2017-03-24 10:54:57', '2017-03-24 10:54:57', NULL, 'Daniel12@gmai.com', b'1', 'Tanya', 'Andrey ', '$2a$10$YmXxYjtuEWT1k1oL9jgb3OxAoVTELuIE5tk35fnVr3jWEtx4VsFJa', '+380-67-509-11-32', 'ROLE_USER', 'MALE', 'Roman12'),
  (32, '2017-03-24 10:54:57', '2017-03-24 10:54:57', NULL, 'Andrey 13@gmai.com', b'1', 'Εlizaveta ', 'Anya', '$2a$10$M4BVNW03nmyXeL.8r0eY2u8LhY1GFtzJc0v7xWH3f43tOexZWQ2y.', '+380-67-509-11-32', 'ROLE_USER', 'FEMALE', 'Tanya13'),
  (33, '2017-03-24 10:54:57', '2017-03-24 10:54:57', NULL, 'Εlizaveta 14@gmai.com', b'1', 'Alyex', 'Anya', '$2a$10$vYdKdYrNJdgJNuME9vvlBu4Imgrg2llIqiavmACPBTn4K8yppalRO', '+380-67-509-11-32', 'ROLE_USER', 'MALE', 'Taras14'),
  (34, '2017-03-24 10:54:57', '2017-03-24 10:54:57', NULL, 'Daniel15@gmai.com', b'1', 'Andrey ', 'Tanya', '$2a$10$KsVIEfa29N6VlA34JL2K3ecq87RxiprViswvgfrNkW7QsoyGzL4py', '+380-67-509-11-32', 'ROLE_USER', 'FEMALE', 'Anya15'),
  (35, '2017-03-24 10:54:57', '2017-03-24 10:54:57', NULL, 'Christina16@gmai.com', b'1', 'Daniel', 'Andrey ', '$2a$10$uZUf1gmKt/kB9i6.3Hkzuu6hRvhRpt6ZabZ1nSrZfxQxEwVjgw.fS', '+380-67-509-11-32', 'ROLE_USER', 'MALE', 'Taras16'),
  (36, '2017-03-24 10:54:57', '2017-03-24 10:54:57', NULL, 'Lyubomir17@gmai.com', b'1', 'Aleksey', 'Christina', '$2a$10$UxTN5dgsa0h7JCW1xFDAZuj.7OUO2Z4AilXLU4KahNEpJJdzqLqea', '+380-67-509-11-32', 'ROLE_USER', 'FEMALE', 'Daniel17'),
  (37, '2017-03-24 10:54:58', '2017-03-24 10:54:58', NULL, 'Christina18@gmai.com', b'1', 'Dima', 'Daniel', '$2a$10$XKWCDvgcXsoDxjMHri.8c.xXEMha0LD5cqqb9qY00zKZkmE8oqON6', '+380-67-509-11-32', 'ROLE_USER', 'MALE', 'Aleksey18'),
  (38, '2017-03-24 10:54:58', '2017-03-24 10:54:58', NULL, 'Dima19@gmai.com', b'1', 'Tanya', 'Yulia', '$2a$10$ixeFsUyr2UfKvKlyqwCP9.qtZrvq5oB2qs2UU8GFb0/Cv0ypREGx6', '+380-67-509-11-32', 'ROLE_USER', 'FEMALE', 'Aleksey19'),
  (39, '2017-03-24 10:54:58', '2017-03-24 10:54:58', NULL, 'Andrey 20@gmai.com', b'1', 'Lyubomir', 'Daniel', '$2a$10$kY3aKmdegQBzURYA6i5Jw.RwLpsdRQWjDC0lmyXj7u9yhu3GcbLRu', '+380-67-509-11-32', 'ROLE_USER', 'MALE', 'Yulia20'),
  (40, '2017-03-24 10:54:58', '2017-03-24 10:54:58', NULL, 'Anya21@gmai.com', b'1', 'Lyubomir', 'Taras', '$2a$10$reuu22VvAeRnzxrM9rLtROoUNuHeeEUs4e.Y2A7AJneS2KTS2yXW.', '+380-67-509-11-32', 'ROLE_USER', 'FEMALE', 'Taras21'),
  (41, '2017-03-24 10:54:58', '2017-03-24 10:54:58', NULL, 'Andrey 22@gmai.com', b'1', 'Andrey ', 'Εlizaveta ', '$2a$10$pbQT7APM7DrnsqF0bql/muPFuCMUvPvBuEXQtUUFMsEvJ2iJd0Lla', '+380-67-509-11-32', 'ROLE_USER', 'MALE', 'Andrey 22'),
  (42, '2017-03-24 10:54:58', '2017-03-24 10:54:58', NULL, 'Andrey 23@gmai.com', b'1', 'Tanya', 'Tanya', '$2a$10$yefAwSCY5dw7JcwU4ZS/gux48Lv6DrrI6GeOsVgpZ0Lhf3WZYPfgO', '+380-67-509-11-32', 'ROLE_USER', 'FEMALE', 'Tanya23'),
  (43, '2017-03-24 10:54:58', '2017-03-24 10:54:58', NULL, 'Dima24@gmai.com', b'1', 'Yulia', 'Dima', '$2a$10$Ln/MSbCvIR4bOQ67g3wiUe18cZEyjSYt/Vu0GqJnWO.U2zLlszWEK', '+380-67-509-11-32', 'ROLE_USER', 'MALE', 'Christina24'),
  (44, '2017-03-24 10:54:58', '2017-03-24 10:54:58', NULL, 'Vova25@gmai.com', b'1', 'Yulia', 'Anya', '$2a$10$nx8BcEHqOszBBinKOh4RseeChcOJGbJrtwatvrBMF34F.C37u7vmC', '+380-67-509-11-32', 'ROLE_USER', 'FEMALE', 'Andrey 25'),
  (45, '2017-03-24 10:54:59', '2017-03-24 10:54:59', NULL, 'Vova26@gmai.com', b'1', 'Roman', 'Alyex', '$2a$10$jaR/Ja5pgbBnBsjoDFLQpOPkzJXPNg29dtpJqczJQ/.OCpeOahs6O', '+380-67-509-11-32', 'ROLE_USER', 'MALE', 'Yulia26'),
  (46, '2017-03-24 10:54:59', '2017-03-24 10:54:59', NULL, 'Yulia27@gmai.com', b'1', 'Roman', 'Christina', '$2a$10$81Sz6Mw5sWDlxeyVEkDFseElCjn6P0On.4Ny8I/bRmnaUch5Hpvy2', '+380-67-509-11-32', 'ROLE_USER', 'FEMALE', 'Vova27'),
  (47, '2017-03-24 10:54:59', '2017-03-24 10:54:59', NULL, 'Daniel28@gmai.com', b'1', 'Yulia', 'Christina', '$2a$10$AGP4o/JwTtXfPhDLufl6X.eTXDVQaOID.uXrvWFzR82xQ5UO2iix.', '+380-67-509-11-32', 'ROLE_USER', 'MALE', 'Christina28'),
  (48, '2017-03-24 10:54:59', '2017-03-24 10:54:59', NULL, 'Dmitry29@gmai.com', b'1', 'Dmitry', 'Dmitry', '$2a$10$WVrQHpE5vliy0zccG0VFxOdWfisGKICUBlvR.PquEM0rkGwk8.WPG', '+380-67-509-11-32', 'ROLE_USER', 'FEMALE', 'Vova29'),
  (49, '2017-03-24 10:54:59', '2017-03-24 10:54:59', NULL, 'Daniel30@gmai.com', b'1', 'Εlizaveta ', 'Lyubomir', '$2a$10$Bh5dfH1k3mp5Xs8a2hi1a.k2TQ/o8G44f7sa2nQPzX5qaR5.U/T/2', '+380-67-509-11-32', 'ROLE_USER', 'MALE', 'Taras30'),
  (50, '2017-03-24 10:54:59', '2017-03-24 10:54:59', NULL, 'Daniel31@gmai.com', b'1', 'Lyubomir', 'Yulia', '$2a$10$nVKG3TlsUPzfAyHk01iVCetmrFkfKcQ.1QKcdRuby8ugmF7L1PwHG', '+380-67-509-11-32', 'ROLE_USER', 'FEMALE', 'Roman31'),
  (51, '2017-03-24 10:54:59', '2017-03-24 10:54:59', NULL, 'Lyubomir32@gmai.com', b'1', 'Dima', 'Dima', '$2a$10$7hK7Go72IBbGaS/HX8Nwq.W8Y5LCYG8DaU.AWUZEbbDRLbRpghS1y', '+380-67-509-11-32', 'ROLE_USER', 'MALE', 'Lyubomir32'),
  (52, '2017-03-24 10:55:00', '2017-03-24 10:55:00', NULL, 'Εlizaveta 33@gmai.com', b'1', 'Dmitry', 'Dima', '$2a$10$SJrlfAV.zvjvX8Ug67ujzOrOSQLQ3ofJFp3ftSrzxMBz4AxxUKPe.', '+380-67-509-11-32', 'ROLE_USER', 'FEMALE', 'Christina33'),
  (53, '2017-03-24 10:55:00', '2017-03-24 10:55:00', NULL, 'Christina34@gmai.com', b'1', 'Aleksey', 'Alyex', '$2a$10$TktSWu/f2ZBJRaSxq5fmWOUMibA4i4bftTAtVry0dFDfcETvX5Iuu', '+380-67-509-11-32', 'ROLE_USER', 'MALE', 'Εlizaveta 34'),
  (54, '2017-03-24 10:55:00', '2017-03-24 10:55:00', NULL, 'Daniel35@gmai.com', b'1', 'Andrey ', 'Andrey ', '$2a$10$521poIa1ClfJcjm1ZCM1B.fyMYFPx1fKx0jA2aDnmdPCzIwM9Tas.', '+380-67-509-11-32', 'ROLE_USER', 'FEMALE', 'Lyubomir35'),
  (55, '2017-03-24 10:55:00', '2017-03-24 10:55:00', NULL, 'Aleksey36@gmai.com', b'1', 'Daniel', 'Vova', '$2a$10$Sy0dt.NkfR40XqLQw024puo.dZCZTIENr8JWmFSgI5jKRABHTtrbW', '+380-67-509-11-32', 'ROLE_USER', 'MALE', 'Dmitry36'),
  (56, '2017-03-24 10:55:00', '2017-03-24 10:55:00', NULL, 'Dmitry37@gmai.com', b'1', 'Alyex', 'Daniel', '$2a$10$Qy3DMcIp693gBX2XORtNzewl/hoWwNfmwtW4tzxD2xIoxJZlBsdDS', '+380-67-509-11-32', 'ROLE_USER', 'FEMALE', 'Alyex37'),
  (57, '2017-03-24 10:55:00', '2017-03-24 10:55:00', NULL, 'Taras38@gmai.com', b'1', 'Yulia', 'Anya', '$2a$10$FR3G.7KYwSqWt89y.Maxk.ccYaTzXq/pxZYC2lfMufwiYa3n52v4S', '+380-67-509-11-32', 'ROLE_USER', 'MALE', 'Aleksey38'),
  (58, '2017-03-24 10:55:00', '2017-03-24 10:55:00', NULL, 'Aleksey39@gmai.com', b'1', 'Vova', 'Andrey ', '$2a$10$Swm0FwQ6zTYnUiIqcXdCO.g6B3lvCvVj/lWker/0UWxE0YfhDQRSS', '+380-67-509-11-32', 'ROLE_USER', 'FEMALE', 'Andrey 39'),
  (59, '2017-03-24 10:55:00', '2017-03-24 10:55:00', NULL, 'Tanya40@gmai.com', b'1', 'Andrey ', 'Vova', '$2a$10$bHZOq3iRESS08utSQfk2QuyFoi03U0yL.dCoKyglFu/2ydDKwtrO6', '+380-67-509-11-32', 'ROLE_USER', 'MALE', 'Vova40'),
  (60, '2017-03-24 10:55:01', '2017-03-24 10:55:01', NULL, 'Daniel41@gmai.com', b'1', 'Aleksey', 'Dmitry', '$2a$10$qIb/D5TboS.i67xdxw8JI.3zcf3OoUkCPcOq5Bju4WKY66WgNfNrW', '+380-67-509-11-32', 'ROLE_USER', 'FEMALE', 'Vova41'),
  (61, '2017-03-24 10:55:01', '2017-03-24 10:55:01', NULL, 'Aleksey42@gmai.com', b'1', 'Εlizaveta ', 'Christina', '$2a$10$jncImVQTlMRzpYEQJs4/UO2LlfjtMURG4kxpmJQFFF.qSz/hcqjHS', '+380-67-509-11-32', 'ROLE_USER', 'MALE', 'Christina42'),
  (62, '2017-03-24 10:55:01', '2017-03-24 10:55:01', NULL, 'Vova43@gmai.com', b'1', 'Taras', 'Anya', '$2a$10$DoPySNLC1o.6SqWH2VqoeuYWul46chwM7nExwQwu3N1eYW21bqqWi', '+380-67-509-11-32', 'ROLE_USER', 'FEMALE', 'Vova43'),
  (63, '2017-03-24 10:55:01', '2017-03-24 10:55:01', NULL, 'Vova44@gmai.com', b'1', 'Dmitry', 'Dmitry', '$2a$10$6wE5zmC9B5hzyxIVbhMYtOuKxNBm864.31NeHqF3FyXAZtrP5rwyG', '+380-67-509-11-32', 'ROLE_USER', 'MALE', 'Daniel44'),
  (64, '2017-03-24 10:55:01', '2017-03-24 10:55:01', NULL, 'Dima45@gmai.com', b'1', 'Daniel', 'Vova', '$2a$10$GLdD1PjCTWh78b5L3peOOubFZrnq/YSWFxLEwhOYar3I7EDXLwFUy', '+380-67-509-11-32', 'ROLE_USER', 'FEMALE', 'Dmitry45'),
  (65, '2017-03-24 10:55:01', '2017-03-24 10:55:01', NULL, 'Roman46@gmai.com', b'1', 'Dmitry', 'Roman', '$2a$10$musYFpLxjcRq8NEH7y9tQ.6SowIKv9CgnAT8CxclQNQUp1lYidq4u', '+380-67-509-11-32', 'ROLE_USER', 'MALE', 'Tanya46'),
  (66, '2017-03-24 10:55:01', '2017-03-24 10:55:01', NULL, 'Tanya47@gmai.com', b'1', 'Roman', 'Roman', '$2a$10$wgCQEgVn.HLHeqkqTAYPlu6ArDy/lIQAdMjpUVuj7sm1ZTg6KMi5e', '+380-67-509-11-32', 'ROLE_USER', 'FEMALE', 'Roman47'),
  (67, '2017-03-24 10:55:02', '2017-03-24 10:55:02', NULL, 'Dmitry48@gmai.com', b'1', 'Andrey ', 'Roman', '$2a$10$Buok.P7Cz7Jd/EMBOvuQS.zGRrHFSMxpQvBokyq4Z9ywR80ff4xj.', '+380-67-509-11-32', 'ROLE_USER', 'MALE', 'Lyubomir48'),
  (68, '2017-03-24 10:55:02', '2017-03-24 10:55:02', NULL, 'Alyex49@gmai.com', b'1', 'Vova', 'Dmitry', '$2a$10$vmq5p/sPriVQ74Dd6/TLQ.iCC/h54J5/DezTQpIgHJRaF1sHLzA1.', '+380-67-509-11-32', 'ROLE_USER', 'FEMALE', 'Daniel49'),
  (69, '2017-03-24 10:55:02', '2017-03-24 10:55:02', NULL, 'Christina50@gmai.com', b'1', 'Alyex', 'Tanya', '$2a$10$icrLh.3AKfct/nPiVB/19OBxM.S2VS0/syJO44spX7k1bgrKD8mua', '+380-67-509-11-32', 'ROLE_USER', 'MALE', 'Εlizaveta 50'),
  (70, '2017-03-24 10:55:02', '2017-03-24 10:55:02', NULL, 'Lyubomir51@gmai.com', b'1', 'Alyex', 'Aleksey', '$2a$10$1dbaXxDqMeZWZ855RbxoO.pJXfIzexjoebjoSc5rs.Q9m6npNmDqa', '+380-67-509-11-32', 'ROLE_USER', 'FEMALE', 'Daniel51'),
  (71, '2017-03-24 10:55:02', '2017-03-24 10:55:02', NULL, 'Alyex52@gmai.com', b'1', 'Taras', 'Εlizaveta ', '$2a$10$XSwVJu.idN6BRdfMKNW1/.dSZbOl/78vZQvGXRK.N3L1dtcalEE2K', '+380-67-509-11-32', 'ROLE_USER', 'MALE', 'Christina52'),
  (72, '2017-03-24 10:55:02', '2017-03-24 10:55:02', NULL, 'Andrey 53@gmai.com', b'1', 'Andrey ', 'Christina', '$2a$10$5ngTA.Z8MX90WPqLTCE6s.WwY8wbK17.mHMZB1XbZROshOehFbLXW', '+380-67-509-11-32', 'ROLE_USER', 'FEMALE', 'Aleksey53'),
  (73, '2017-03-24 10:55:02', '2017-03-24 10:55:02', NULL, 'Tanya54@gmai.com', b'1', 'Dima', 'Εlizaveta ', '$2a$10$VA9erHfAcGHe9aZK9dpBN.UUak93h4AQGXRzzqQDznJzjTEtvXrne', '+380-67-509-11-32', 'ROLE_USER', 'MALE', 'Dima54'),
  (74, '2017-03-24 10:55:03', '2017-03-24 10:55:03', NULL, 'Dima55@gmai.com', b'1', 'Yulia', 'Vova', '$2a$10$ayHMECfXx3lHcZZTufTXCOUe/QiDT1owROuarBnNDiBV56ksr.VuG', '+380-67-509-11-32', 'ROLE_USER', 'FEMALE', 'Alyex55'),
  (75, '2017-03-24 10:55:03', '2017-03-24 10:55:03', NULL, 'Roman56@gmai.com', b'1', 'Dmitry', 'Alyex', '$2a$10$e1gnvgoP.mRX5BkbEVV/QeghIg04OSt0Vw9PX13a6E3sWcOAyv16.', '+380-67-509-11-32', 'ROLE_USER', 'MALE', 'Alyex56'),
  (76, '2017-03-24 10:55:03', '2017-03-24 10:55:03', NULL, 'Vova57@gmai.com', b'1', 'Christina', 'Roman', '$2a$10$aZ1nH5TkS9pz9qPSggmOxe0NiZMxPg6bFUHymjYSTqY.YMOgTJFU.', '+380-67-509-11-32', 'ROLE_USER', 'FEMALE', 'Taras57'),
  (77, '2017-03-24 10:55:03', '2017-03-24 10:55:03', NULL, 'Roman58@gmai.com', b'1', 'Roman', 'Aleksey', '$2a$10$x/IGWBmxZ54/QJJQ7GYPPOjf3fUQGkVM21W3o2FDbGpwmUpU6vXH.', '+380-67-509-11-32', 'ROLE_USER', 'MALE', 'Roman58'),
  (78, '2017-03-24 10:55:03', '2017-03-24 10:55:03', NULL, 'Dima59@gmai.com', b'1', 'Tanya', 'Aleksey', '$2a$10$vQ9bp1cBgW04ENkP3KTOHerbZVWg4fl2GDNCPLsOWZLU6lI0c61lC', '+380-67-509-11-32', 'ROLE_USER', 'FEMALE', 'Christina59'),
  (79, '2017-03-24 10:55:03', '2017-03-24 10:55:03', NULL, 'Εlizaveta 60@gmai.com', b'1', 'Roman', 'Εlizaveta ', '$2a$10$2quhNwfXDVS1rUhZfKIdWeGXh0qzytn55HCBH3HptyX.3CGvhY2rS', '+380-67-509-11-32', 'ROLE_USER', 'MALE', 'Alyex60'),
  (80, '2017-03-24 10:55:03', '2017-03-24 10:55:03', NULL, 'Anya61@gmai.com', b'1', 'Anya', 'Alyex', '$2a$10$yKKKKdBUDaKpymfKY6d2menjkiZBjM5B2sA6i4qj2BRJkXGy2Wdy2', '+380-67-509-11-32', 'ROLE_USER', 'FEMALE', 'Anya61'),
  (81, '2017-03-24 10:55:03', '2017-03-24 10:55:03', NULL, 'Alyex62@gmai.com', b'1', 'Εlizaveta ', 'Εlizaveta ', '$2a$10$CXnw1kj.Ceul/PO/0JEnjellXdjIkSoxyw6TxLbNhcqZXGK.XPj72', '+380-67-509-11-32', 'ROLE_USER', 'MALE', 'Yulia62'),
  (82, '2017-03-24 10:55:04', '2017-03-24 10:55:04', NULL, 'Andrey 63@gmai.com', b'1', 'Aleksey', 'Taras', '$2a$10$k6/BfhB6eyOVYK4C90Gnn.jZ9twm95gCZp8aecyWzHMKQHn49F3wa', '+380-67-509-11-32', 'ROLE_USER', 'FEMALE', 'Dima63'),
  (83, '2017-03-24 10:55:04', '2017-03-24 10:55:04', NULL, 'Andrey 64@gmai.com', b'1', 'Alyex', 'Aleksey', '$2a$10$dkMpTZi5m8xXaswx2E8l4eKhkWFtF9XvskGJKcp32b4QcaRM5Jbb2', '+380-67-509-11-32', 'ROLE_USER', 'MALE', 'Dmitry64'),
  (84, '2017-03-24 10:55:04', '2017-03-24 10:55:04', NULL, 'Dmitry65@gmai.com', b'1', 'Vova', 'Tanya', '$2a$10$biY/lJpRwMCpXVxx8uhCIOLWgLXXCZitSEsYW/FU5DJll6N7PJfVG', '+380-67-509-11-32', 'ROLE_USER', 'FEMALE', 'Aleksey65'),
  (85, '2017-03-24 10:55:04', '2017-03-24 10:55:04', NULL, 'Vova66@gmai.com', b'1', 'Εlizaveta ', 'Alyex', '$2a$10$iQIkwGzrIIiRQfBHboVH2u4559EF/nvSbznFc5Z.JgxkU9pnLxHVu', '+380-67-509-11-32', 'ROLE_USER', 'MALE', 'Lyubomir66'),
  (86, '2017-03-24 10:55:04', '2017-03-24 10:55:04', NULL, 'Vova67@gmai.com', b'1', 'Aleksey', 'Tanya', '$2a$10$1oXUmNaDX6lTKVTVAXXiA.zMdlYbTZVjFsrPTXdosUzBj2fpcd6ay', '+380-67-509-11-32', 'ROLE_USER', 'FEMALE', 'Christina67'),
  (87, '2017-03-24 10:55:04', '2017-03-24 10:55:04', NULL, 'Vova68@gmai.com', b'1', 'Andrey ', 'Vova', '$2a$10$AdLFGPB/H.a1rQ.Nvm31pOCEkOBZXqHTMePAtHlu4ox1gYatvYKha', '+380-67-509-11-32', 'ROLE_USER', 'MALE', 'Dima68'),
  (88, '2017-03-24 10:55:04', '2017-03-24 10:55:04', NULL, 'Christina69@gmai.com', b'1', 'Tanya', 'Alyex', '$2a$10$pIl5rVwm7ItML9M0vvyNb.pEXQtl1eRT15GxI.QcRqUoXF7KbCRV2', '+380-67-509-11-32', 'ROLE_USER', 'FEMALE', 'Tanya69'),
  (89, '2017-03-24 10:55:05', '2017-03-24 10:55:05', NULL, 'Tanya70@gmai.com', b'1', 'Alyex', 'Roman', '$2a$10$LV1Z1/h6LtlCln5.A76EZeRoH/0.9eoqCPmynQFCI9hMTpUTHqium', '+380-67-509-11-32', 'ROLE_USER', 'MALE', 'Tanya70'),
  (90, '2017-03-24 10:55:05', '2017-03-24 10:55:05', NULL, 'Vova71@gmai.com', b'1', 'Anya', 'Roman', '$2a$10$8L80UVv8Q3HiAbMJggbXCerL8t1HlMokrJwTGOoXubSWmIZtRp4X.', '+380-67-509-11-32', 'ROLE_USER', 'FEMALE', 'Daniel71'),
  (91, '2017-03-24 10:55:05', '2017-03-24 10:55:05', NULL, 'Roman72@gmai.com', b'1', 'Vova', 'Εlizaveta ', '$2a$10$CVOGlLp8sDoZGQRQBfg6mOOONxpuM8hJA66hXzXFbeK7MwhrOo5EO', '+380-67-509-11-32', 'ROLE_USER', 'MALE', 'Dima72'),
  (92, '2017-03-24 10:55:05', '2017-03-24 10:55:05', NULL, 'Vova73@gmai.com', b'1', 'Daniel', 'Anya', '$2a$10$/5IF5zo1dkg8NLFbtH6ROua9SptAAFolHtC0E8jIw5I7bRrrD8JwC', '+380-67-509-11-32', 'ROLE_USER', 'FEMALE', 'Εlizaveta 73'),
  (93, '2017-03-24 10:55:05', '2017-03-24 10:55:05', NULL, 'Andrey 74@gmai.com', b'1', 'Roman', 'Christina', '$2a$10$fRvY0NKxGgjJvYuglT3uO.Z3nxxqy8UobjCm1kC1gHFiULxI552j2', '+380-67-509-11-32', 'ROLE_USER', 'MALE', 'Aleksey74'),
  (94, '2017-03-24 10:55:05', '2017-03-24 10:55:05', NULL, 'Daniel75@gmai.com', b'1', 'Anya', 'Dmitry', '$2a$10$FGlkQej.4W5AibY5yrwJW.IDcqcmDfo1zeSDfMv4O70uyRQDj5H2K', '+380-67-509-11-32', 'ROLE_USER', 'FEMALE', 'Yulia75'),
  (95, '2017-03-24 10:55:06', '2017-03-24 10:55:06', NULL, 'Tanya76@gmai.com', b'1', 'Lyubomir', 'Daniel', '$2a$10$kcyoWJNkJCZWvQA9Y8IyMeTZqUqqanxyRqzSnzVzpsHQo047qwKM2', '+380-67-509-11-32', 'ROLE_USER', 'MALE', 'Εlizaveta 76'),
  (96, '2017-03-24 10:55:06', '2017-03-24 10:55:06', NULL, 'Tanya77@gmai.com', b'1', 'Yulia', 'Dmitry', '$2a$10$NfAmI3/.d8D2xIx/KR79zeebkPx4FTBgF6eK77q79klibFxsKqj5i', '+380-67-509-11-32', 'ROLE_USER', 'FEMALE', 'Yulia77'),
  (97, '2017-03-24 10:55:06', '2017-03-24 10:55:06', NULL, 'Daniel78@gmai.com', b'1', 'Taras', 'Dmitry', '$2a$10$C5mhOxyclWoacNTKEvCXqusgbh4KCYXu799x.OxBT7/G/mjR2N6PO', '+380-67-509-11-32', 'ROLE_USER', 'MALE', 'Dima78'),
  (98, '2017-03-24 10:55:06', '2017-03-24 10:55:06', NULL, 'Daniel79@gmai.com', b'1', 'Aleksey', 'Tanya', '$2a$10$OhRnuJOLTgtAT1uQqwc0I.KVjsVQoz2IaBirwDSG4D.MbDioT393u', '+380-67-509-11-32', 'ROLE_USER', 'FEMALE', 'Anya79'),
  (99, '2017-03-24 10:55:06', '2017-03-24 10:55:06', NULL, 'Taras80@gmai.com', b'1', 'Vova', 'Tanya', '$2a$10$8mGglzyI0P6U1NVC71kOCu7gDN5oPoHLrEw9Xr5THStyzMd.ZffvO', '+380-67-509-11-32', 'ROLE_USER', 'MALE', 'Tanya80'),
  (100, '2017-03-24 10:55:06', '2017-03-24 10:55:06', NULL, 'Andrey 81@gmai.com', b'1', 'Dima', 'Anya', '$2a$10$D1hi6uJsaZnj56RfjzpMseT.d.RIOP4vj2/OoAoEKtLREqsE.ls5.', '+380-67-509-11-32', 'ROLE_USER', 'FEMALE', 'Aleksey81'),
  (101, '2017-03-24 10:55:07', '2017-03-24 10:55:07', NULL, 'Tanya82@gmai.com', b'1', 'Andrey ', 'Tanya', '$2a$10$ISK9UUbUAigfgSoj.KMhheMeF0Fo0lRez4eO2ZsX.ik6.H4E9c1M.', '+380-67-509-11-32', 'ROLE_USER', 'MALE', 'Tanya82'),
  (102, '2017-03-24 10:55:07', '2017-03-24 10:55:07', NULL, 'Dima83@gmai.com', b'1', 'Roman', 'Taras', '$2a$10$/V4bXXdRu27AgG5fra5.JuR09ZLAEtVcDe8NJLlUk95jfOy1/uVpG', '+380-67-509-11-32', 'ROLE_USER', 'FEMALE', 'Εlizaveta 83'),
  (103, '2017-03-24 10:55:07', '2017-03-24 10:55:07', NULL, 'Roman84@gmai.com', b'1', 'Andrey ', 'Daniel', '$2a$10$BvqAmX5zoIjcOig5sskR6uYt2h67w9DQklinY.La6nZHD1.Jw/zYG', '+380-67-509-11-32', 'ROLE_USER', 'MALE', 'Aleksey84'),
  (104, '2017-03-24 10:55:07', '2017-03-24 10:55:07', NULL, 'Daniel85@gmai.com', b'1', 'Aleksey', 'Yulia', '$2a$10$GraDUYEXvtdD6f5LP.M40O4nfBRxNhZubMkkvM7n0m9eep/VSTQ1i', '+380-67-509-11-32', 'ROLE_USER', 'FEMALE', 'Taras85'),
  (105, '2017-03-24 10:55:07', '2017-03-24 10:55:07', NULL, 'Andrey 86@gmai.com', b'1', 'Alyex', 'Εlizaveta ', '$2a$10$Af/ANvM4HAAw7grrXOQGDOaudXvIFcYwGEamliNF8yogBqYnwdwG.', '+380-67-509-11-32', 'ROLE_USER', 'MALE', 'Aleksey86'),
  (106, '2017-03-24 10:55:07', '2017-03-24 10:55:07', NULL, 'Alyex87@gmai.com', b'1', 'Andrey ', 'Εlizaveta ', '$2a$10$UQUVEk7/EnzLHRsRpO2jee0Ib.OQhzDtlnSTeJ2CUZHr7qn1g5y52', '+380-67-509-11-32', 'ROLE_USER', 'FEMALE', 'Anya87'),
  (107, '2017-03-24 10:55:07', '2017-03-24 10:55:07', NULL, 'Yulia88@gmai.com', b'1', 'Lyubomir', 'Εlizaveta ', '$2a$10$nm/kB8O3NUzMlwd8rMKo3eTbjjbDGcfl9cZ4CNQ.7HLeg3WmaiH7K', '+380-67-509-11-32', 'ROLE_USER', 'MALE', 'Vova88'),
  (108, '2017-03-24 10:55:08', '2017-03-24 10:55:08', NULL, 'Dima89@gmai.com', b'1', 'Aleksey', 'Lyubomir', '$2a$10$lTmToeERRHnGAdBTs7fH1OWoFDRay20sTicROX.DuUwyIqt/l1geO', '+380-67-509-11-32', 'ROLE_USER', 'FEMALE', 'Dmitry89'),
  (109, '2017-03-24 10:55:08', '2017-03-24 10:55:08', NULL, 'Yulia90@gmai.com', b'1', 'Yulia', 'Taras', '$2a$10$3oNZ7VsMEN3sZ9lJ1gQmyeFlFmOwyl9g9yIcBSXKLUHkwpmc/NDwy', '+380-67-509-11-32', 'ROLE_USER', 'MALE', 'Aleksey90'),
  (110, '2017-03-24 10:55:08', '2017-03-24 10:55:08', NULL, 'Anya91@gmai.com', b'1', 'Tanya', 'Alyex', '$2a$10$IeQvW6hF.a3ZwVl170sARukQSoeSVQIqviFIT58vvJZPE4l.3T59u', '+380-67-509-11-32', 'ROLE_USER', 'FEMALE', 'Alyex91'),
  (111, '2017-03-24 10:55:08', '2017-03-24 10:55:08', NULL, 'Anya92@gmai.com', b'1', 'Taras', 'Christina', '$2a$10$jU8Ca6ZupQ9nLzWaeOy/5.5I.FGpsA3tIcikd5AuNuDpTnSTrc9MG', '+380-67-509-11-32', 'ROLE_USER', 'MALE', 'Lyubomir92'),
  (112, '2017-03-24 10:55:08', '2017-03-24 10:55:08', NULL, 'Andrey 93@gmai.com', b'1', 'Dima', 'Alyex', '$2a$10$xkUII6Mt6noR6zmV5mc9te3VraViqkGh0yf7D0CInRSRRMsyhOFpS', '+380-67-509-11-32', 'ROLE_USER', 'FEMALE', 'Anya93'),
  (113, '2017-03-24 10:55:08', '2017-03-24 10:55:08', NULL, 'Lyubomir94@gmai.com', b'1', 'Alyex', 'Andrey ', '$2a$10$6fY/A.V8VBFC.pNvWc7/S.bPW1ZOf4P42RGrS9fkQh1e0aDe1j1Li', '+380-67-509-11-32', 'ROLE_USER', 'MALE', 'Lyubomir94'),
  (114, '2017-03-24 10:55:08', '2017-03-24 10:55:08', NULL, 'Roman95@gmai.com', b'1', 'Anya', 'Taras', '$2a$10$DhHluBJQqfS9w2H0.ZWGRO0qNLv/Fj3NQ8xMstI8mRCKMMiYxW3ea', '+380-67-509-11-32', 'ROLE_USER', 'FEMALE', 'Εlizaveta 95'),
  (115, '2017-03-24 10:55:09', '2017-03-24 10:55:09', NULL, 'Alyex96@gmai.com', b'1', 'Alyex', 'Anya', '$2a$10$11.Yic0/1e5WlL9GZXzo4.Htdyw5qQjVH8zDm1SVc0Dg2M1xdZPjy', '+380-67-509-11-32', 'ROLE_USER', 'MALE', 'Aleksey96'),
  (116, '2017-03-24 10:55:09', '2017-03-24 10:55:09', NULL, 'Andrey 97@gmai.com', b'1', 'Lyubomir', 'Christina', '$2a$10$L/NC8A9oHalSXarYQ46E5O9oZMRN/OQ4m6KHsKle8FaBLaY3cK0Ri', '+380-67-509-11-32', 'ROLE_USER', 'FEMALE', 'Anya97'),
  (117, '2017-03-24 10:55:09', '2017-03-24 10:55:09', NULL, 'Christina98@gmai.com', b'1', 'Daniel', 'Taras', '$2a$10$NU3g7DG7kIQ4LW7xML4tqeA8A3wprTG1PSN1K/ZZQJURpYEHzoGLG', '+380-67-509-11-32', 'ROLE_USER', 'MALE', 'Taras98'),
  (118, '2017-03-24 10:55:09', '2017-03-24 10:55:09', NULL, 'Vova99@gmai.com', b'1', 'Alyex', 'Daniel', '$2a$10$AEc5cBto2qpqrKdh.KIireamxspUJA1o4dAYs5uAddDrQtodyqWYG', '+380-67-509-11-32', 'ROLE_USER', 'FEMALE', 'Dima99'),
  (119, '2017-03-24 10:55:09', '2017-03-24 10:55:09', NULL, 'Christina100@gmai.com', b'1', 'Christina', 'Daniel', '$2a$10$AXTUAGSJ.odmdli1iihbS.nUIFR1BGqEfEMIIynZQJgbTPyfctBEC', '+380-67-509-11-32', 'ROLE_USER', 'MALE', 'Anya100'),
  (120, '2017-03-24 10:55:09', '2017-03-24 10:55:09', NULL, 'Tanya101@gmai.com', b'1', 'Taras', 'Christina', '$2a$10$r7uuxqYaAeVLn8anLyUtSeuOoygnOBIeWMsrYnrHKmTCWx8CWsGcS', '+380-67-509-11-32', 'ROLE_USER', 'FEMALE', 'Daniel101'),
  (121, '2017-03-24 10:55:09', '2017-03-24 10:55:09', NULL, 'Aleksey102@gmai.com', b'1', 'Alyex', 'Yulia', '$2a$10$7dIWO63qKfq89MTNAPjyrufWJM58vT1eOaU4KoiTf0B.VmYNovDu6', '+380-67-509-11-32', 'ROLE_USER', 'MALE', 'Andrey 102'),
  (122, '2017-03-24 10:55:10', '2017-03-24 10:55:10', NULL, 'Daniel103@gmai.com', b'1', 'Tanya', 'Εlizaveta ', '$2a$10$llBrE2t.8BWJloTZp9.vN.BUydD6EC9uYzIt08pK5Mi6FGtVdfJ2q', '+380-67-509-11-32', 'ROLE_USER', 'FEMALE', 'Dima103'),
  (123, '2017-03-24 10:55:10', '2017-03-24 10:55:10', NULL, 'Tanya104@gmai.com', b'1', 'Dima', 'Yulia', '$2a$10$vhDBcwZfgPCis/ONmO6.uuUP2YnqPo6s8zBMtdOOC2OdMN8zmprWi', '+380-67-509-11-32', 'ROLE_USER', 'MALE', 'Aleksey104'),
  (124, '2017-03-24 10:55:10', '2017-03-24 10:55:10', NULL, 'Aleksey105@gmai.com', b'1', 'Tanya', 'Dmitry', '$2a$10$6kd3tp9Hj9uqNBj5XNVf3.p6/YMR5JbGZb8ZPGMKS/dAYStKM1See', '+380-67-509-11-32', 'ROLE_USER', 'FEMALE', 'Christina105'),
  (125, '2017-03-24 10:55:10', '2017-03-24 10:55:10', NULL, 'Dmitry106@gmai.com', b'1', 'Dima', 'Yulia', '$2a$10$TJI3qYmp4pMttjViByMy6.aoUjhp1b8yCi9IYxeumGUvmWgLt/9ma', '+380-67-509-11-32', 'ROLE_USER', 'MALE', 'Aleksey106'),
  (126, '2017-03-24 10:55:10', '2017-03-24 10:55:10', NULL, 'Tanya107@gmai.com', b'1', 'Christina', 'Andrey ', '$2a$10$RTMVGzvvLJfFljM7KegTcOlbk3H7UKYp.637XOYRSb/FVhj1FOvVG', '+380-67-509-11-32', 'ROLE_USER', 'FEMALE', 'Dima107'),
  (127, '2017-03-24 10:55:11', '2017-03-24 10:55:11', NULL, 'Taras108@gmai.com', b'1', 'Tanya', 'Roman', '$2a$10$GG5/Y1JBBifOijly.jX7/uOddQN0xrXn0AmVZQ3rcahZLar0Uc/hG', '+380-67-509-11-32', 'ROLE_USER', 'MALE', 'Aleksey108'),
  (128, '2017-03-24 10:55:11', '2017-03-24 10:55:11', NULL, 'Yulia109@gmai.com', b'1', 'Daniel', 'Tanya', '$2a$10$sr1ozzTE1KdVRqats8ESaOYWZ7RbzK/RPJTEBV0iauPfLGBDYH2dy', '+380-67-509-11-32', 'ROLE_USER', 'FEMALE', 'Εlizaveta 109'),
  (129, '2017-03-24 10:55:11', '2017-03-24 10:55:11', NULL, 'Andrey 110@gmai.com', b'1', 'Taras', 'Dmitry', '$2a$10$kUfdEw9msCIy4k5ya.4jZeJ3Cm9Ltmr5QLxbfQFDtNLeK9yWjmgR.', '+380-67-509-11-32', 'ROLE_USER', 'MALE', 'Christina110'),
  (130, '2017-03-24 10:55:11', '2017-03-24 10:55:11', NULL, 'Roman111@gmai.com', b'1', 'Taras', 'Vova', '$2a$10$mHGjnX6hEYGOhJVG4NGZJeodMpPNAAAkCzTCODLQuKln1D3nqPery', '+380-67-509-11-32', 'ROLE_USER', 'FEMALE', 'Lyubomir111'),
  (131, '2017-03-24 10:55:11', '2017-03-24 10:55:11', NULL, 'Christina112@gmai.com', b'1', 'Vova', 'Aleksey', '$2a$10$6PLbAGpnBE280yWks5f0Q.96L2VVf8WRNxmw2j1IpSm0oUSFfuxMC', '+380-67-509-11-32', 'ROLE_USER', 'MALE', 'Andrey 112'),
  (132, '2017-03-24 10:55:11', '2017-03-24 10:55:11', NULL, 'Andrey 113@gmai.com', b'1', 'Tanya', 'Anya', '$2a$10$RlfEp7VY1wPtBISjvp33/OqFSeLdCJiPhnSreHy0QAGLSCezdMLci', '+380-67-509-11-32', 'ROLE_USER', 'FEMALE', 'Εlizaveta 113'),
  (133, '2017-03-24 10:55:11', '2017-03-24 10:55:11', NULL, 'Dmitry114@gmai.com', b'1', 'Dmitry', 'Dmitry', '$2a$10$QnezKNZvYie0ZvHvqQbOmOrXhTN6kkvcgY/9vB0PgPlwFY7UfwXI6', '+380-67-509-11-32', 'ROLE_USER', 'MALE', 'Daniel114'),
  (134, '2017-03-24 10:55:12', '2017-03-24 10:55:12', NULL, 'Roman115@gmai.com', b'1', 'Roman', 'Christina', '$2a$10$mtzSMT4A2W5jlQZsR1kL4uB2WkFDFupAe/SLnZXoGyoPwaB7QpRG2', '+380-67-509-11-32', 'ROLE_USER', 'FEMALE', 'Anya115'),
  (135, '2017-03-24 10:55:12', '2017-03-24 10:55:12', NULL, 'Dmitry116@gmai.com', b'1', 'Alyex', 'Vova', '$2a$10$DYa8Q5QmSobsRQ/iAR5kIeu628DfNt2QLsq68KkC6ka6U/Bpw5x0q', '+380-67-509-11-32', 'ROLE_USER', 'MALE', 'Roman116'),
  (136, '2017-03-24 10:55:12', '2017-03-24 10:55:12', NULL, 'Tanya117@gmai.com', b'1', 'Anya', 'Vova', '$2a$10$uiWaSLthQv44c0iY2ADDX.uY2p31qyMPcJQm4FjxJRhwcSl1i9pMa', '+380-67-509-11-32', 'ROLE_USER', 'FEMALE', 'Christina117'),
  (137, '2017-03-24 10:55:12', '2017-03-24 10:55:12', NULL, 'Yulia118@gmai.com', b'1', 'Dmitry', 'Taras', '$2a$10$PHXxRqvSObPN4vzxoZ2fW.odck//G9P4J.lX0dsW82bgqsbQc.eqm', '+380-67-509-11-32', 'ROLE_USER', 'MALE', 'Εlizaveta 118'),
  (138, '2017-03-24 10:55:12', '2017-03-24 10:55:12', NULL, 'Yulia119@gmai.com', b'1', 'Vova', 'Dmitry', '$2a$10$92LCZxB7DnUTP4fXlxB2guLvbbgSJFiyObURgNHBbxjWgmuN2BCtC', '+380-67-509-11-32', 'ROLE_USER', 'FEMALE', 'Daniel119'),
  (139, '2017-03-24 10:55:12', '2017-03-24 10:55:12', NULL, 'Vova120@gmai.com', b'1', 'Andrey ', 'Dima', '$2a$10$MpPtSojwa9rVY0wlRpe8i.5WqD4xvMvqGZyBGBo4iof03Q6uai2Ti', '+380-67-509-11-32', 'ROLE_USER', 'MALE', 'Christina120'),
  (140, '2017-03-24 10:55:12', '2017-03-24 10:55:12', NULL, 'Roman121@gmai.com', b'1', 'Lyubomir', 'Tanya', '$2a$10$EuKHj8WH6D7quVic08bFie0ZijC/HJGCWILaDM2/qz0s3GR9NaJ5C', '+380-67-509-11-32', 'ROLE_USER', 'FEMALE', 'Tanya121'),
  (141, '2017-03-24 10:55:13', '2017-03-24 10:55:13', NULL, 'Vova122@gmai.com', b'1', 'Andrey ', 'Vova', '$2a$10$qIDrDqxYU5sAhc2hnFHqT.8J4X69P3/8dgwwywX.Y0wKuNC8B1Glq', '+380-67-509-11-32', 'ROLE_USER', 'MALE', 'Christina122'),
  (142, '2017-03-24 10:55:13', '2017-03-24 10:55:13', NULL, 'Alyex123@gmai.com', b'1', 'Εlizaveta ', 'Anya', '$2a$10$TecAGMB5AsH0eYTroftB/uJsECDyt6GgBrAnIAJiICTciwpV0vkwm', '+380-67-509-11-32', 'ROLE_USER', 'FEMALE', 'Yulia123'),
  (143, '2017-03-24 10:55:13', '2017-03-24 10:55:13', NULL, 'Taras124@gmai.com', b'1', 'Christina', 'Dima', '$2a$10$hmvsEErWvUFg/Urzxy0lU.6GcKp0fxiVj0z72DA.mPjU4wZb1pCSm', '+380-67-509-11-32', 'ROLE_USER', 'MALE', 'Taras124'),
  (144, '2017-03-24 10:55:13', '2017-03-24 10:55:13', NULL, 'Vova125@gmai.com', b'1', 'Tanya', 'Daniel', '$2a$10$4TjBNBhPI5qAWrKBIpzrr.kwsMQunbJmgK92W56CaoRPS2Ew5v8bm', '+380-67-509-11-32', 'ROLE_USER', 'FEMALE', 'Lyubomir125'),
  (145, '2017-03-24 10:55:13', '2017-03-24 10:55:13', NULL, 'Yulia126@gmai.com', b'1', 'Aleksey', 'Anya', '$2a$10$6xDLj27cTllmJ9F2AIrNnej1oDF14GAK5Gv1HjuEOkyXSX6Tb5hsS', '+380-67-509-11-32', 'ROLE_USER', 'MALE', 'Andrey 126'),
  (146, '2017-03-24 10:55:13', '2017-03-24 10:55:13', NULL, 'Christina127@gmai.com', b'1', 'Taras', 'Dmitry', '$2a$10$cD4/Ms1wU3C/vn9Q9HYuQul8YeG8S7kTzITxWoHgO4.f/wOtkn4mq', '+380-67-509-11-32', 'ROLE_USER', 'FEMALE', 'Yulia127'),
  (147, '2017-03-24 10:55:13', '2017-03-24 10:55:13', NULL, 'Anya128@gmai.com', b'1', 'Vova', 'Lyubomir', '$2a$10$Qv5twqeCQibR7TEVW6Q24uacrt6OL/Seow1Dtbbe9.YVhd4ZrOgsu', '+380-67-509-11-32', 'ROLE_USER', 'MALE', 'Yulia128'),
  (148, '2017-03-24 10:55:14', '2017-03-24 10:55:14', NULL, 'Yulia129@gmai.com', b'1', 'Εlizaveta ', 'Roman', '$2a$10$ayHP4KWNilpAtxjBAgWnMO2o0Pkyn8UwlvnZiKtuzBfjo8OmLoVLK', '+380-67-509-11-32', 'ROLE_USER', 'FEMALE', 'Alyex129'),
  (149, '2017-03-24 10:55:14', '2017-03-24 10:55:14', NULL, 'Dima130@gmai.com', b'1', 'Andrey ', 'Yulia', '$2a$10$v39yTrXwqsY9yvhjOJ6PluOLqEqcBjJheFniOkL55Ev6hoJj/C5IW', '+380-67-509-11-32', 'ROLE_USER', 'MALE', 'Dima130'),
  (150, '2017-03-24 10:55:14', '2017-03-24 10:55:14', NULL, 'Vova131@gmai.com', b'1', 'Εlizaveta ', 'Tanya', '$2a$10$VvbnkGY7W6qHsGWcjG7VwO6BsCdO3M4ArzGU6vlClc3IZu/TM0rVG', '+380-67-509-11-32', 'ROLE_USER', 'FEMALE', 'Εlizaveta 131'),
  (151, '2017-03-24 10:55:14', '2017-03-24 10:55:14', NULL, 'Dima132@gmai.com', b'1', 'Lyubomir', 'Vova', '$2a$10$Q7FOGCPcLkfx4.6LARDHTO7I9FLJC2naViYbyAp23UT4UakUrpNPK', '+380-67-509-11-32', 'ROLE_USER', 'MALE', 'Lyubomir132'),
  (152, '2017-03-24 10:55:14', '2017-03-24 10:55:14', NULL, 'Lyubomir133@gmai.com', b'1', 'Lyubomir', 'Aleksey', '$2a$10$PMMxVFP3GUju2ZZ/y/aDIeVYvfeP6kFdji0bxPoo4m8Ptu.HZoLYq', '+380-67-509-11-32', 'ROLE_USER', 'FEMALE', 'Εlizaveta 133'),
  (153, '2017-03-24 10:55:14', '2017-03-24 10:55:14', NULL, 'Aleksey134@gmai.com', b'1', 'Aleksey', 'Alyex', '$2a$10$pE4C1XKs6B.fzKHTqrxt3unJjxD0vMiXWuBNQIpgTc.Stje9lJ5RO', '+380-67-509-11-32', 'ROLE_USER', 'MALE', 'Dmitry134'),
  (154, '2017-03-24 10:55:14', '2017-03-24 10:55:14', NULL, 'Daniel135@gmai.com', b'1', 'Dima', 'Andrey ', '$2a$10$7BDL2sdDLz0xExMh2LQ1re7aPrFAYTB6F5d2g8DM0cMbpAQXBxRGq', '+380-67-509-11-32', 'ROLE_USER', 'FEMALE', 'Yulia135'),
  (155, '2017-03-24 10:55:14', '2017-03-24 10:55:14', NULL, 'Dmitry136@gmai.com', b'1', 'Christina', 'Andrey ', '$2a$10$.il0Vt3Wf3fa.eHiLFEOD.AkS.i72uom3CAUyYU4Hf6y3imvEN0UO', '+380-67-509-11-32', 'ROLE_USER', 'MALE', 'Andrey 136'),
  (156, '2017-03-24 10:55:15', '2017-03-24 10:55:15', NULL, 'Vova137@gmai.com', b'1', 'Taras', 'Daniel', '$2a$10$PAGx/bRKgLid.0vHkx7NNuJlxBatfIpqsZtPe/3Q5ev8dgwGXofdS', '+380-67-509-11-32', 'ROLE_USER', 'FEMALE', 'Dmitry137'),
  (157, '2017-03-24 10:55:15', '2017-03-24 10:55:15', NULL, 'Yulia138@gmai.com', b'1', 'Yulia', 'Tanya', '$2a$10$9oQ9IknQ6q1kQutkIAGWiObJlv5LbtVj3/Fjp2PdbcxW5zTAU41Re', '+380-67-509-11-32', 'ROLE_USER', 'MALE', 'Dmitry138'),
  (158, '2017-03-24 10:55:15', '2017-03-24 10:55:15', NULL, 'Dmitry139@gmai.com', b'1', 'Lyubomir', 'Anya', '$2a$10$bJD1DTySQ3mnXJBep/LU9etKwbuLLIyOQbnBAInNOyB3F4zgLvVLK', '+380-67-509-11-32', 'ROLE_USER', 'FEMALE', 'Andrey 139'),
  (159, '2017-03-24 10:55:15', '2017-03-24 10:55:15', NULL, 'Alyex140@gmai.com', b'1', 'Daniel', 'Christina', '$2a$10$cNJCqkmOVrcWkvgdpZWLgOGwdry1PRRJHT9YGYvD7bGDVoxpvUsQG', '+380-67-509-11-32', 'ROLE_USER', 'MALE', 'Anya140'),
  (160, '2017-03-24 10:55:15', '2017-03-24 10:55:15', NULL, 'Yulia141@gmai.com', b'1', 'Andrey ', 'Daniel', '$2a$10$u633M2LyZeeupLhLLmIO6ORdrRqnZwcMizykDf7HN1GgLM3dYVbiC', '+380-67-509-11-32', 'ROLE_USER', 'FEMALE', 'Yulia141'),
  (161, '2017-03-24 10:55:15', '2017-03-24 10:55:15', NULL, 'Andrey 142@gmai.com', b'1', 'Alyex', 'Dima', '$2a$10$Jd49urojzsavJf.fKgr96OATblf0GN.dY/.n8dRVZzBIrcEDeSlC.', '+380-67-509-11-32', 'ROLE_USER', 'MALE', 'Roman142'),
  (162, '2017-03-24 10:55:15', '2017-03-24 10:55:15', NULL, 'Taras143@gmai.com', b'1', 'Vova', 'Dmitry', '$2a$10$mtNLc6bUJQMP927yK4ufl.I.f.ElI.zox8YN5nqGQC5YBZ1q5t4Ry', '+380-67-509-11-32', 'ROLE_USER', 'FEMALE', 'Roman143'),
  (163, '2017-03-24 10:55:16', '2017-03-24 10:55:16', NULL, 'Εlizaveta 144@gmai.com', b'1', 'Tanya', 'Roman', '$2a$10$33zoLYCrbP1nPVHN4Wv/0eGrsxU3w/xw4wnxyXvoGFhgDfQpB/Sny', '+380-67-509-11-32', 'ROLE_USER', 'MALE', 'Tanya144'),
  (164, '2017-03-24 10:55:16', '2017-03-24 10:55:16', NULL, 'Andrey 145@gmai.com', b'1', 'Taras', 'Dmitry', '$2a$10$KkufvRytdfG3fj04kO0PZuqYjSgAS64S7fmmDAUteoOdUh2R98qIu', '+380-67-509-11-32', 'ROLE_USER', 'FEMALE', 'Andrey 145'),
  (165, '2017-03-24 10:55:16', '2017-03-24 10:55:16', NULL, 'Tanya146@gmai.com', b'1', 'Dima', 'Taras', '$2a$10$O9K15FhlplloQUARU/zAO.F8c0rLU4prf8z27iGOm2GLZUTYEEAdu', '+380-67-509-11-32', 'ROLE_USER', 'MALE', 'Aleksey146'),
  (166, '2017-03-24 10:55:16', '2017-03-24 10:55:16', NULL, 'Christina147@gmai.com', b'1', 'Aleksey', 'Anya', '$2a$10$RBlh8dqP8qSe2v2A0/DjEeqDVmr7WIpdKmaAMyUhpPkpdJ2mrKRF2', '+380-67-509-11-32', 'ROLE_USER', 'FEMALE', 'Vova147'),
  (167, '2017-03-24 10:55:16', '2017-03-24 10:55:16', NULL, 'Dima148@gmai.com', b'1', 'Christina', 'Yulia', '$2a$10$Tw1KiWi5Za.gm6xf42oqs.UFlLwJVOA1WNxZ3R5CYmxYwL6VRE7RO', '+380-67-509-11-32', 'ROLE_USER', 'MALE', 'Christina148'),
  (168, '2017-03-24 10:55:16', '2017-03-24 10:55:16', NULL, 'Andrey 149@gmai.com', b'1', 'Daniel', 'Tanya', '$2a$10$RR7ijnYRDQRugynWpUYdYuRsSArlHA6j9dfWDC2zRroUdkUyIvq0i', '+380-67-509-11-32', 'ROLE_USER', 'FEMALE', 'Roman149'),
  (169, '2017-03-24 10:55:16', '2017-03-24 10:55:16', NULL, 'Taras150@gmai.com', b'1', 'Dmitry', 'Roman', '$2a$10$UN8JQj4nBwWBfFDrXSACxu4rCzY1XGS3Uan9USuP29rbW7X.KGjzK', '+380-67-509-11-32', 'ROLE_USER', 'MALE', 'Lyubomir150'),
  (170, '2017-03-24 10:55:17', '2017-03-24 10:55:17', NULL, 'Yulia151@gmai.com', b'1', 'Aleksey', 'Alyex', '$2a$10$CprpRsGNvsPXIrvzPUgpG.gWI3JeVP1aB.iLq/0miuRUy5qfjSa6O', '+380-67-509-11-32', 'ROLE_USER', 'FEMALE', 'Lyubomir151'),
  (171, '2017-03-24 10:55:17', '2017-03-24 10:55:17', NULL, 'Dima152@gmai.com', b'1', 'Andrey ', 'Aleksey', '$2a$10$ptzOGlj1/GQgdj7Un3KB1eziZy8HiisedYbWP/8kWhCQnVJ4bwxcO', '+380-67-509-11-32', 'ROLE_USER', 'MALE', 'Andrey 152'),
  (172, '2017-03-24 10:55:17', '2017-03-24 10:55:17', NULL, 'Taras153@gmai.com', b'1', 'Alyex', 'Andrey ', '$2a$10$dOsSwrq5sqbo/uAPjeB5FOJbITN3N3hYWvPmySA/88eT18Y1Ize7m', '+380-67-509-11-32', 'ROLE_USER', 'FEMALE', 'Vova153'),
  (173, '2017-03-24 10:55:17', '2017-03-24 10:55:17', NULL, 'Dima154@gmai.com', b'1', 'Aleksey', 'Alyex', '$2a$10$cjmlZQ..bGV.sUvKBVnqBe0cSV7MTAG9Rk4Y.bWh4yVmz1JzxPYO6', '+380-67-509-11-32', 'ROLE_USER', 'MALE', 'Andrey 154'),
  (174, '2017-03-24 10:55:17', '2017-03-24 10:55:17', NULL, 'Christina155@gmai.com', b'1', 'Aleksey', 'Andrey ', '$2a$10$lgsdFnF7vXsF64NCjle9NeZp5W4laFHFq9p8Ysz4SsyPWpHbZtHjK', '+380-67-509-11-32', 'ROLE_USER', 'FEMALE', 'Taras155'),
  (175, '2017-03-24 10:55:17', '2017-03-24 10:55:17', NULL, 'Andrey 156@gmai.com', b'1', 'Roman', 'Vova', '$2a$10$ucpmQf4GYAa72w4EubeOa.I7XH.WoozVm9vWefrKlKpPgnLioYD/.', '+380-67-509-11-32', 'ROLE_USER', 'MALE', 'Εlizaveta 156'),
  (176, '2017-03-24 10:55:17', '2017-03-24 10:55:17', NULL, 'Vova157@gmai.com', b'1', 'Tanya', 'Taras', '$2a$10$0ESotOfM5WRoPSUl4yih6u3XwOfS1jjwh6UGO1X78DvCQ8ZGDtVPm', '+380-67-509-11-32', 'ROLE_USER', 'FEMALE', 'Tanya157'),
  (177, '2017-03-24 10:55:18', '2017-03-24 10:55:18', NULL, 'Christina158@gmai.com', b'1', 'Tanya', 'Dmitry', '$2a$10$ZC1ahbM5vIY6iuIP5mVzvenzOf8W2/dZaMxujQSsB7FdMciT/yApm', '+380-67-509-11-32', 'ROLE_USER', 'MALE', 'Dima158'),
  (178, '2017-03-24 10:55:18', '2017-03-24 10:55:18', NULL, 'Taras159@gmai.com', b'1', 'Alyex', 'Dmitry', '$2a$10$JQL3OQvS9AwiCXYY.JFAoO3zEMcpCTxH4HBWhBDGMg/3dJQAQ1H6.', '+380-67-509-11-32', 'ROLE_USER', 'FEMALE', 'Alyex159'),
  (179, '2017-03-24 10:55:18', '2017-03-24 10:55:18', NULL, 'Dmitry160@gmai.com', b'1', 'Alyex', 'Yulia', '$2a$10$Iu9TlWHaOKADlJY8C37R4.ZkTlV6ArQYhjGZH2hogYZt8kSqO9i/C', '+380-67-509-11-32', 'ROLE_USER', 'MALE', 'Taras160'),
  (180, '2017-03-24 10:55:18', '2017-03-24 10:55:18', NULL, 'Christina161@gmai.com', b'1', 'Aleksey', 'Vova', '$2a$10$Z5xwMwGY5UClgmzrW4o1pOBkMUevIxiA6MIZhy.im1py2JOo6xX4O', '+380-67-509-11-32', 'ROLE_USER', 'FEMALE', 'Taras161'),
  (181, '2017-03-24 10:55:18', '2017-03-24 10:55:18', NULL, 'Dima162@gmai.com', b'1', 'Aleksey', 'Yulia', '$2a$10$xFWQxBbjRZqOT6ocKaTybuLOUVL4yxOTMbI8TunafEEGH3atLIdKi', '+380-67-509-11-32', 'ROLE_USER', 'MALE', 'Anya162'),
  (182, '2017-03-24 10:55:18', '2017-03-24 10:55:18', NULL, 'Christina163@gmai.com', b'1', 'Andrey ', 'Roman', '$2a$10$vWKiDHNFQ/YHBhEUMbC3fuMIi/x0zBHq2aeRiBjsBiLs8MI9bM.S6', '+380-67-509-11-32', 'ROLE_USER', 'FEMALE', 'Dmitry163'),
  (183, '2017-03-24 10:55:18', '2017-03-24 10:55:18', NULL, 'Daniel164@gmai.com', b'1', 'Christina', 'Andrey ', '$2a$10$yGJ1PFjzU48J2UXJYV6MEuyNONNZBrweRv6kHJrZgebKvzocgqhva', '+380-67-509-11-32', 'ROLE_USER', 'MALE', 'Alyex164'),
  (184, '2017-03-24 10:55:19', '2017-03-24 10:55:19', NULL, 'Anya165@gmai.com', b'1', 'Christina', 'Alyex', '$2a$10$EBqppNp6trYi7omuRhdslu6BHMKSQoSxNo16.A0jKQ8xGvqS014O.', '+380-67-509-11-32', 'ROLE_USER', 'FEMALE', 'Roman165'),
  (185, '2017-03-24 10:55:19', '2017-03-24 10:55:19', NULL, 'Christina166@gmai.com', b'1', 'Yulia', 'Christina', '$2a$10$v.Su9ZcLbkEbX..HBBm8buoiiVw3SZGihVeSwq.aW2M1Eqyo0QUh2', '+380-67-509-11-32', 'ROLE_USER', 'MALE', 'Alyex166'),
  (186, '2017-03-24 10:55:19', '2017-03-24 10:55:19', NULL, 'Lyubomir167@gmai.com', b'1', 'Lyubomir', 'Anya', '$2a$10$KyeqeAeEMkstXrzP1UxYz.7ejKDu1ZGz./WC/7zjjWr8UDL4zAv8a', '+380-67-509-11-32', 'ROLE_USER', 'FEMALE', 'Anya167'),
  (187, '2017-03-24 10:55:19', '2017-03-24 10:55:19', NULL, 'Taras168@gmai.com', b'1', 'Εlizaveta ', 'Dmitry', '$2a$10$VIsdn9jzPM1b1HaUlmN9Xu4LasCLZWaRdI6vw9Z3zZt13km2mxlF.', '+380-67-509-11-32', 'ROLE_USER', 'MALE', 'Vova168'),
  (188, '2017-03-24 10:55:19', '2017-03-24 10:55:19', NULL, 'Vova169@gmai.com', b'1', 'Anya', 'Εlizaveta ', '$2a$10$U7C67//iGru99t0jAjw2Fe23PB5Bg5PpX7UWwJ/fjRpTdtlujzY2m', '+380-67-509-11-32', 'ROLE_USER', 'FEMALE', 'Taras169'),
  (189, '2017-03-24 10:55:19', '2017-03-24 10:55:19', NULL, 'Aleksey170@gmai.com', b'1', 'Lyubomir', 'Dima', '$2a$10$OXGKQi7oYDY2azzG15S3muAmkqyXxmL2LwN7/mM5WtbwdP8Vi83x6', '+380-67-509-11-32', 'ROLE_USER', 'MALE', 'Daniel170'),
  (190, '2017-03-24 10:55:20', '2017-03-24 10:55:20', NULL, 'Lyubomir171@gmai.com', b'1', 'Vova', 'Daniel', '$2a$10$fBTKvOskTdDLiCClxUIckOlin.MLJv0ZiEFhflNOLCyUaV585s8Fa', '+380-67-509-11-32', 'ROLE_USER', 'FEMALE', 'Εlizaveta 171'),
  (191, '2017-03-24 10:55:20', '2017-03-24 10:55:20', NULL, 'Christina172@gmai.com', b'1', 'Dima', 'Anya', '$2a$10$JSXD9znUfAkL9vMQBvzsCeZ9H/6CSdwqtjnPgMMAkRtAzq1nfL.eK', '+380-67-509-11-32', 'ROLE_USER', 'MALE', 'Alyex172'),
  (192, '2017-03-24 10:55:20', '2017-03-24 10:55:20', NULL, 'Εlizaveta 173@gmai.com', b'1', 'Dmitry', 'Anya', '$2a$10$eg0AzMkSJfitjtKm4hrzIeogv/mDMi1oSFNbnvYm37tZU838iW.n2', '+380-67-509-11-32', 'ROLE_USER', 'FEMALE', 'Daniel173'),
  (193, '2017-03-24 10:55:20', '2017-03-24 10:55:20', NULL, 'Aleksey174@gmai.com', b'1', 'Andrey ', 'Dima', '$2a$10$h.A1m.WbCPhCOFDaQ0..QO9de5mWIq7TDu69YfTOA/bTxDzj1h1LC', '+380-67-509-11-32', 'ROLE_USER', 'MALE', 'Aleksey174'),
  (194, '2017-03-24 10:55:20', '2017-03-24 10:55:20', NULL, 'Vova175@gmai.com', b'1', 'Dmitry', 'Daniel', '$2a$10$vNjyAa.H0glBvTIf3DqybOtKu0u11SwkHmjhGfcH0BA4UqBqhRLre', '+380-67-509-11-32', 'ROLE_USER', 'FEMALE', 'Anya175'),
  (195, '2017-03-24 10:55:20', '2017-03-24 10:55:20', NULL, 'Aleksey176@gmai.com', b'1', 'Anya', 'Aleksey', '$2a$10$lZyWLtiu5FniqPRJ4ls2Xuvu6qHi5RMeY1VY4f7DXmHm.08Bk46qy', '+380-67-509-11-32', 'ROLE_USER', 'MALE', 'Roman176'),
  (196, '2017-03-24 10:55:20', '2017-03-24 10:55:20', NULL, 'Vova177@gmai.com', b'1', 'Alyex', 'Εlizaveta ', '$2a$10$LrHg2P3t4aPBAlM8xz5Bk.13QpB1yXpWzsJOkiG8yLJYyP3p3KhKG', '+380-67-509-11-32', 'ROLE_USER', 'FEMALE', 'Lyubomir177'),
  (197, '2017-03-24 10:55:21', '2017-03-24 10:55:21', NULL, 'Lyubomir178@gmai.com', b'1', 'Tanya', 'Dima', '$2a$10$Rm5eCziTxov3NRdjnuI/se8qcOP3aG/obiJcCtsIKgtAuSnyS4tjC', '+380-67-509-11-32', 'ROLE_USER', 'MALE', 'Lyubomir178'),
  (198, '2017-03-24 10:55:21', '2017-03-24 10:55:21', NULL, 'Aleksey179@gmai.com', b'1', 'Alyex', 'Yulia', '$2a$10$3p3ALdSszmbjhgXyY6wdueH0SM71kO0ERU5igxz4uHsVG.4ELBdNm', '+380-67-509-11-32', 'ROLE_USER', 'FEMALE', 'Daniel179'),
  (199, '2017-03-24 10:55:21', '2017-03-24 10:55:21', NULL, 'Vova180@gmai.com', b'1', 'Taras', 'Εlizaveta ', '$2a$10$UL5hN/1ODCn9ooBvek8cWe2/ORzg9.pr5BSHYjPP8ZIW0wYilXFOW', '+380-67-509-11-32', 'ROLE_USER', 'MALE', 'Εlizaveta 180'),
  (200, '2017-03-24 10:55:21', '2017-03-24 10:55:21', NULL, 'Christina181@gmai.com', b'1', 'Tanya', 'Andrey ', '$2a$10$AXI3RY6JxOe7aya3VeVCZeUkFtGk/J33J7vUqw0K2WOiDigL4keeO', '+380-67-509-11-32', 'ROLE_USER', 'FEMALE', 'Dmitry181'),
  (201, '2017-03-24 10:55:21', '2017-03-24 10:55:21', NULL, 'Christina182@gmai.com', b'1', 'Dima', 'Εlizaveta ', '$2a$10$uZpJ0k1Z6LCIjEQLHBXAwu7X4BHPLVkimxw3cC33EwAR7/fGMWnce', '+380-67-509-11-32', 'ROLE_USER', 'MALE', 'Εlizaveta 182'),
  (202, '2017-03-24 10:55:21', '2017-03-24 10:55:21', NULL, 'Vova183@gmai.com', b'1', 'Dmitry', 'Dima', '$2a$10$I1Pbb5kl9gwCkMuD2mZaNuXXhenEPJXokngwrpCMHYTmUSdzFC3K6', '+380-67-509-11-32', 'ROLE_USER', 'FEMALE', 'Dima183'),
  (203, '2017-03-24 10:55:21', '2017-03-24 10:55:21', NULL, 'Vova184@gmai.com', b'1', 'Christina', 'Tanya', '$2a$10$wdpyJF2kiUEpL7yuyC/QqeQXV3JHRCxMpgE45/K4mprCvKorymsFm', '+380-67-509-11-32', 'ROLE_USER', 'MALE', 'Anya184'),
  (204, '2017-03-24 10:55:22', '2017-03-24 10:55:22', NULL, 'Anya185@gmai.com', b'1', 'Aleksey', 'Alyex', '$2a$10$oFjHjeTnifKCaodFBjJgcusZzWIz3Df2ROczjvXb/i9axVwWIuU5a', '+380-67-509-11-32', 'ROLE_USER', 'FEMALE', 'Εlizaveta 185'),
  (205, '2017-03-24 10:55:22', '2017-03-24 10:55:22', NULL, 'Daniel186@gmai.com', b'1', 'Vova', 'Daniel', '$2a$10$3Gj9Vm2SadIkAtC6ZN1aT.ZJeYa0uLCiBS5MSVP5b9Za3Fwcxl67q', '+380-67-509-11-32', 'ROLE_USER', 'MALE', 'Daniel186'),
  (206, '2017-03-24 10:55:22', '2017-03-24 10:55:22', NULL, 'Lyubomir187@gmai.com', b'1', 'Εlizaveta ', 'Dima', '$2a$10$9ILZaPtVOMA1OUMDdzlVIeyIroUw5tWtpWs56Fjz6qboYRHkU4GnK', '+380-67-509-11-32', 'ROLE_USER', 'FEMALE', 'Yulia187'),
  (207, '2017-03-24 10:55:22', '2017-03-24 10:55:22', NULL, 'Anya188@gmai.com', b'1', 'Daniel', 'Εlizaveta ', '$2a$10$/dc/I1jfjaPpGvOhEvgHRelTv0PkkHAs18deyqoX662rX3NE6SPFK', '+380-67-509-11-32', 'ROLE_USER', 'MALE', 'Yulia188'),
  (208, '2017-03-24 10:55:22', '2017-03-24 10:55:22', NULL, 'Taras189@gmai.com', b'1', 'Christina', 'Tanya', '$2a$10$LpPFICAiO4bqaSYnJnfIXevonJOZxqGL.AYYiYIO4E6GmVt/etxeC', '+380-67-509-11-32', 'ROLE_USER', 'FEMALE', 'Christina189'),
  (209, '2017-03-24 10:55:22', '2017-03-24 10:55:22', NULL, 'Roman190@gmai.com', b'1', 'Lyubomir', 'Anya', '$2a$10$Rc9.tADuGcdc5gru8hCm4umMntaZcSUJ1tmSn7CwwfdVnRXdgWTba', '+380-67-509-11-32', 'ROLE_USER', 'MALE', 'Lyubomir190'),
  (210, '2017-03-24 10:55:22', '2017-03-24 10:55:22', NULL, 'Dima191@gmai.com', b'1', 'Dima', 'Taras', '$2a$10$zOSDjMQXfTMdT4rOCZr.JOCok0IJPwq1HNCALJZ8iJ.9Mrzc2Pyzy', '+380-67-509-11-32', 'ROLE_USER', 'FEMALE', 'Alyex191'),
  (211, '2017-03-24 10:55:23', '2017-03-24 10:55:23', NULL, 'Aleksey192@gmai.com', b'1', 'Andrey ', 'Anya', '$2a$10$AU4JMeDk2uO8wSoLFyJewuZSz.WlZhx/4rfq62Mhkh6c2KjfFEwJK', '+380-67-509-11-32', 'ROLE_USER', 'MALE', 'Anya192'),
  (212, '2017-03-24 10:55:23', '2017-03-24 10:55:23', NULL, 'Tanya193@gmai.com', b'1', 'Roman', 'Aleksey', '$2a$10$v372OyO0IB5cf6.hsAScAuVLeBnbwya3o3u2xo6YG15O90Gt2Xfgm', '+380-67-509-11-32', 'ROLE_USER', 'FEMALE', 'Anya193'),
  (213, '2017-03-24 10:55:23', '2017-03-24 10:55:23', NULL, 'Taras194@gmai.com', b'1', 'Andrey ', 'Dmitry', '$2a$10$Xpb6fSO3Ho6/c9B2w9.aLOv/YVsWHnlhVukD1FLaUpEDzUyzV2d42', '+380-67-509-11-32', 'ROLE_USER', 'MALE', 'Dmitry194'),
  (214, '2017-03-24 10:55:23', '2017-03-24 10:55:23', NULL, 'Anya195@gmai.com', b'1', 'Roman', 'Tanya', '$2a$10$9FmcjZ/Cl1m.yUyIrRYXjOJju/AWHA8Eza5o0gkGuI3/VRacdd6EG', '+380-67-509-11-32', 'ROLE_USER', 'FEMALE', 'Roman195'),
  (215, '2017-03-24 10:55:23', '2017-03-24 10:55:23', NULL, 'Daniel196@gmai.com', b'1', 'Christina', 'Roman', '$2a$10$0NqCnKYO.XxMPsoLMRJZ5.i1HypfbuTAY4bMuTtzjh2zlkVR6X3hu', '+380-67-509-11-32', 'ROLE_USER', 'MALE', 'Dima196'),
  (216, '2017-03-24 10:55:23', '2017-03-24 10:55:23', NULL, 'Vova197@gmai.com', b'1', 'Aleksey', 'Anya', '$2a$10$mF6km.kQPrsbwJV7odpXVOwSpQ8N706blhTPIa9xd04954VtgEuX6', '+380-67-509-11-32', 'ROLE_USER', 'FEMALE', 'Alyex197'),
  (217, '2017-03-24 10:55:23', '2017-03-24 10:55:23', NULL, 'Vova198@gmai.com', b'1', 'Taras', 'Roman', '$2a$10$HKre5paf5J8I6LP.qowWFuWfmrcgNKV99v4aiV64dTxxSYibWhPUO', '+380-67-509-11-32', 'ROLE_USER', 'MALE', 'Daniel198'),
  (218, '2017-03-24 10:55:24', '2017-03-24 10:55:24', NULL, 'Christina199@gmai.com', b'1', 'Roman', 'Roman', '$2a$10$n/NWPjUARc9buwsY86n8CebF4kFKqMVXV5FQ/y5oZ3AbcSnAOWqbC', '+380-67-509-11-32', 'ROLE_USER', 'FEMALE', 'Dima199'),
  (219, '2017-03-24 10:55:24', '2017-03-24 10:55:24', NULL, 'Alyex200@gmai.com', b'1', 'Dima', 'Tanya', '$2a$10$CXSRtKOLEkZwvPI8kk1OF.hNruZ.B.PuTVXzZP5xLzxiDbrP5MXUS', '+380-67-509-11-32', 'ROLE_USER', 'MALE', 'Andrey 200'),
  (220, '2017-03-24 10:55:24', '2017-03-24 10:55:24', NULL, 'Aleksey201@gmai.com', b'1', 'Dmitry', 'Andrey ', '$2a$10$YLdX79z3Gldl47yNumFFwuZORu2klIv4SSdQ8w82kmfjTcbb5.9K6', '+380-67-509-11-32', 'ROLE_USER', 'FEMALE', 'Dima201'),
  (221, '2017-03-24 10:55:24', '2017-03-24 10:55:24', NULL, 'Alyex202@gmai.com', b'1', 'Anya', 'Roman', '$2a$10$xAr1qNI0Mi5.bnAbCn3MPuZzKwe3K97kMjsVD/OOqowwaasyCecLK', '+380-67-509-11-32', 'ROLE_USER', 'MALE', 'Aleksey202'),
  (222, '2017-03-24 10:55:24', '2017-03-24 10:55:24', NULL, 'Roman203@gmai.com', b'1', 'Dmitry', 'Aleksey', '$2a$10$OLezWtcBw5y6JuNnfmC.NeUOYyuUYxQj4hv8mYjee6E.pl5..fSaK', '+380-67-509-11-32', 'ROLE_USER', 'FEMALE', 'Alyex203'),
  (223, '2017-03-24 10:55:24', '2017-03-24 10:55:24', NULL, 'Dmitry204@gmai.com', b'1', 'Christina', 'Roman', '$2a$10$kD2YsoUJQpEKQzUsbegU/urbASr02JdKsIh72JbAPKfRuhpM2BKlS', '+380-67-509-11-32', 'ROLE_USER', 'MALE', 'Εlizaveta 204'),
  (224, '2017-03-24 10:55:24', '2017-03-24 10:55:24', NULL, 'Aleksey205@gmai.com', b'1', 'Andrey ', 'Dima', '$2a$10$12MdDDxozRGp.bDvw6nobewSmrfWYmkgkFUuAz4wOI5T7M7UW9k9m', '+380-67-509-11-32', 'ROLE_USER', 'FEMALE', 'Vova205'),
  (225, '2017-03-24 10:55:25', '2017-03-24 10:55:25', NULL, 'Alyex206@gmai.com', b'1', 'Christina', 'Daniel', '$2a$10$NjWFNSVM01.4ysG9pzJlUeNqFg2ngR8/mMRDXeCjRsLMBejnCG7CC', '+380-67-509-11-32', 'ROLE_USER', 'MALE', 'Roman206'),
  (226, '2017-03-24 10:55:25', '2017-03-24 10:55:25', NULL, 'Tanya207@gmai.com', b'1', 'Aleksey', 'Anya', '$2a$10$ZFuUWCeG5j6TbEymZDKY9OenCRNCispanlpxtl8cjDg7exlDtzSvS', '+380-67-509-11-32', 'ROLE_USER', 'FEMALE', 'Taras207'),
  (227, '2017-03-24 10:55:25', '2017-03-24 10:55:25', NULL, 'Yulia208@gmai.com', b'1', 'Daniel', 'Lyubomir', '$2a$10$OaC/a/MWH723Oigi/pKFr.uGP4cEu7NwsIDe4wYjrLaX.UyLBpJ5O', '+380-67-509-11-32', 'ROLE_USER', 'MALE', 'Christina208'),
  (228, '2017-03-24 10:55:25', '2017-03-24 10:55:25', NULL, 'Aleksey209@gmai.com', b'1', 'Christina', 'Vova', '$2a$10$pVOXOA2tkSVqyXEhSLw4wezKzmdkzO0RHRnTRrB34jkQ2bq/g4a/2', '+380-67-509-11-32', 'ROLE_USER', 'FEMALE', 'Anya209'),
  (229, '2017-03-24 10:55:25', '2017-03-24 10:55:25', NULL, 'Christina210@gmai.com', b'1', 'Christina', 'Vova', '$2a$10$Yt5WZriwRlR3OiGKoTplteNu/VncQFCtjA.4OfJLAnltBEywMKOa2', '+380-67-509-11-32', 'ROLE_USER', 'MALE', 'Εlizaveta 210'),
  (230, '2017-03-24 10:55:25', '2017-03-24 10:55:25', NULL, 'Dmitry211@gmai.com', b'1', 'Anya', 'Alyex', '$2a$10$3mSyLtIUe1jubmbp34ASPOZYi/5KizdkhEzdweX3Hbfm6sAbpL6qW', '+380-67-509-11-32', 'ROLE_USER', 'FEMALE', 'Roman211'),
  (231, '2017-03-24 10:55:26', '2017-03-24 10:55:26', NULL, 'Lyubomir212@gmai.com', b'1', 'Lyubomir', 'Alyex', '$2a$10$0LTPezOPDDrUAPW9pmrctuTxv7Baq1VRiy0e6j/EwjFmoa0PGSLVO', '+380-67-509-11-32', 'ROLE_USER', 'MALE', 'Dmitry212'),
  (232, '2017-03-24 10:55:26', '2017-03-24 10:55:26', NULL, 'Alyex213@gmai.com', b'1', 'Lyubomir', 'Dima', '$2a$10$X6G0aL0YomIRKAEJsKFEoufOSgW6PT4o9U.VSFhdfaBoV9l0.kZAm', '+380-67-509-11-32', 'ROLE_USER', 'FEMALE', 'Taras213'),
  (233, '2017-03-24 10:55:26', '2017-03-24 10:55:26', NULL, 'Alyex214@gmai.com', b'1', 'Lyubomir', 'Taras', '$2a$10$Zrf6sOzYqWd9sPL010vxyuBgDkAwT3W0Ol61q5ivs3K5HLeWSNJBC', '+380-67-509-11-32', 'ROLE_USER', 'MALE', 'Alyex214'),
  (234, '2017-03-24 10:55:26', '2017-03-24 10:55:26', NULL, 'Anya215@gmai.com', b'1', 'Dmitry', 'Tanya', '$2a$10$66EoPDcGCHxwZCVJuAXOqeRinD92QMvzoQByJvs3HC2DjPaJMfjbu', '+380-67-509-11-32', 'ROLE_USER', 'FEMALE', 'Andrey 215'),
  (235, '2017-03-24 10:55:26', '2017-03-24 10:55:26', NULL, 'Andrey 216@gmai.com', b'1', 'Andrey ', 'Christina', '$2a$10$Kp4SRqU3Nnmx0rpgb0QE5.j4gJW1qw/FrmmamyFRTR3hsDrqDxuBq', '+380-67-509-11-32', 'ROLE_USER', 'MALE', 'Daniel216'),
  (236, '2017-03-24 10:55:26', '2017-03-24 10:55:26', NULL, 'Roman217@gmai.com', b'1', 'Dmitry', 'Aleksey', '$2a$10$ZExFq04zau3o9HA4HFlVkeT/l/Cd4iR1NajdywrSEuXNu0oarBw3G', '+380-67-509-11-32', 'ROLE_USER', 'FEMALE', 'Daniel217'),
  (237, '2017-03-24 10:55:27', '2017-03-24 10:55:27', NULL, 'Taras218@gmai.com', b'1', 'Roman', 'Dmitry', '$2a$10$MrjT.avc7..lAq9JLZvDSuEQF6YdvGntXbgbiIJ/twdUm./Ui.oKy', '+380-67-509-11-32', 'ROLE_USER', 'MALE', 'Roman218'),
  (238, '2017-03-24 10:55:27', '2017-03-24 10:55:27', NULL, 'Alyex219@gmai.com', b'1', 'Aleksey', 'Εlizaveta ', '$2a$10$chlAx4sJJkYL2nQs/cd6veJK7adPIW2C8phRqIo.fjBAVbrLYHTZi', '+380-67-509-11-32', 'ROLE_USER', 'FEMALE', 'Aleksey219'),
  (239, '2017-03-24 10:55:27', '2017-03-24 10:55:27', NULL, 'Tanya220@gmai.com', b'1', 'Aleksey', 'Taras', '$2a$10$UonZhQEUoUzZqWXvFB3tSuy/uCnRAtydzkO22omZtBzmq9gbsRid.', '+380-67-509-11-32', 'ROLE_USER', 'MALE', 'Tanya220'),
  (240, '2017-03-24 10:55:27', '2017-03-24 10:55:27', NULL, 'Dmitry221@gmai.com', b'1', 'Roman', 'Tanya', '$2a$10$rwQeErSbZMDY.YaQBJGaiOnsuP0LQT48ZWjv7iQpIizBPPjzu3iDK', '+380-67-509-11-32', 'ROLE_USER', 'FEMALE', 'Dima221'),
  (241, '2017-03-24 10:55:27', '2017-03-24 10:55:27', NULL, 'Aleksey222@gmai.com', b'1', 'Lyubomir', 'Alyex', '$2a$10$1DrnSrQJ/G9e5.eySSORCeA7VRirmOGEfdsA8KKAeh5bedA0bLQRe', '+380-67-509-11-32', 'ROLE_USER', 'MALE', 'Roman222'),
  (242, '2017-03-24 10:55:27', '2017-03-24 10:55:27', NULL, 'Tanya223@gmai.com', b'1', 'Dima', 'Vova', '$2a$10$mUUVxLr8NGgnNg5AdI0QtOtGaeqkTkBQFk6s7uCTQlNA4Jm93ApJu', '+380-67-509-11-32', 'ROLE_USER', 'FEMALE', 'Yulia223'),
  (243, '2017-03-24 10:55:27', '2017-03-24 10:55:27', NULL, 'Daniel224@gmai.com', b'1', 'Εlizaveta ', 'Alyex', '$2a$10$IFVq1zg//v1xqOt3yizoAu1pwCD5yame1pE3PL7OTvoS7ElwHFXlS', '+380-67-509-11-32', 'ROLE_USER', 'MALE', 'Aleksey224'),
  (244, '2017-03-24 10:55:28', '2017-03-24 10:55:28', NULL, 'Roman225@gmai.com', b'1', 'Taras', 'Alyex', '$2a$10$A8WInWu4ZoONYcH4W/z.LutTNfP5Ms4b702.JVjG038tlAot80xYG', '+380-67-509-11-32', 'ROLE_USER', 'FEMALE', 'Alyex225'),
  (245, '2017-03-24 10:55:28', '2017-03-24 10:55:28', NULL, 'Εlizaveta 226@gmai.com', b'1', 'Dima', 'Alyex', '$2a$10$RPVFhJJKRvS79XUV1IhAMOopfabEo4F8Id6H0ExY581G4hPrPgJ4m', '+380-67-509-11-32', 'ROLE_USER', 'MALE', 'Dima226'),
  (246, '2017-03-24 10:55:28', '2017-03-24 10:55:28', NULL, 'Εlizaveta 227@gmai.com', b'1', 'Aleksey', 'Christina', '$2a$10$VvnzmSSBoxPYBzB2O9jeKOkPCM6m5SowHn/YlFcEFwMMa.HetcUCS', '+380-67-509-11-32', 'ROLE_USER', 'FEMALE', 'Vova227'),
  (247, '2017-03-24 10:55:28', '2017-03-24 10:55:28', NULL, 'Aleksey228@gmai.com', b'1', 'Taras', 'Andrey ', '$2a$10$ME78Eb5Y7stJcUsmbZLR8OF53gDGE50ukqRhFPOL61F7in0Om59BO', '+380-67-509-11-32', 'ROLE_USER', 'MALE', 'Εlizaveta 228'),
  (248, '2017-03-24 10:55:28', '2017-03-24 10:55:28', NULL, 'Tanya229@gmai.com', b'1', 'Tanya', 'Dima', '$2a$10$JpX1omHBass3Up4watOYPe.XJZrIK8yKMLgNDD6Ufa0DXR5NmnV/K', '+380-67-509-11-32', 'ROLE_USER', 'FEMALE', 'Taras229'),
  (249, '2017-03-24 10:55:28', '2017-03-24 10:55:28', NULL, 'Dmitry230@gmai.com', b'1', 'Εlizaveta ', 'Daniel', '$2a$10$ls5zRiPe2sIh31kxk81pnuPb92X/Er9QfVlyw608VkzbKUZpEuh/i', '+380-67-509-11-32', 'ROLE_USER', 'MALE', 'Aleksey230'),
  (250, '2017-03-24 10:55:28', '2017-03-24 10:55:28', NULL, 'Taras231@gmai.com', b'1', 'Andrey ', 'Vova', '$2a$10$9N7c9JWncQvDMkCg8H7Ye.9rYMZzbKIBsxp3hBxZlXmz58Yuikf3G', '+380-67-509-11-32', 'ROLE_USER', 'FEMALE', 'Taras231'),
  (251, '2017-03-24 10:55:29', '2017-03-24 10:55:29', NULL, 'Christina232@gmai.com', b'1', 'Anya', 'Dmitry', '$2a$10$ISBdWL/xxGqLW7A59yoiauhin2eFohAs4EFqH0bmxHMaGyYfgR92S', '+380-67-509-11-32', 'ROLE_USER', 'MALE', 'Taras232'),
  (252, '2017-03-24 10:55:29', '2017-03-24 10:55:29', NULL, 'Taras233@gmai.com', b'1', 'Roman', 'Vova', '$2a$10$tC9C4FqVYz/JQ6jxIaFR9O5uJW7RhDRlFlOpTXXqfSygytu57REt2', '+380-67-509-11-32', 'ROLE_USER', 'FEMALE', 'Lyubomir233'),
  (253, '2017-03-24 10:55:29', '2017-03-24 10:55:29', NULL, 'Dima234@gmai.com', b'1', 'Yulia', 'Aleksey', '$2a$10$Pf03Pd8VMR0pnVaqhq.iv.kTIJC3.0GPNicTQzA.WlfpoRrePdUui', '+380-67-509-11-32', 'ROLE_USER', 'MALE', 'Roman234'),
  (254, '2017-03-24 10:55:29', '2017-03-24 10:55:29', NULL, 'Dima235@gmai.com', b'1', 'Yulia', 'Andrey ', '$2a$10$.efyA/kO.H7xWekIOZlnGOZDOD8Bw25Z1gfGykb.R24a.LvdgdpJ2', '+380-67-509-11-32', 'ROLE_USER', 'FEMALE', 'Tanya235'),
  (255, '2017-03-24 10:55:29', '2017-03-24 10:55:29', NULL, 'Yulia236@gmai.com', b'1', 'Tanya', 'Roman', '$2a$10$bno/xyYRbV9MGV1NwQ.W3eG8RgEHHtjs2OppducvxQk0ljxumJiEq', '+380-67-509-11-32', 'ROLE_USER', 'MALE', 'Christina236'),
  (256, '2017-03-24 10:55:29', '2017-03-24 10:55:29', NULL, 'Andrey 237@gmai.com', b'1', 'Dmitry', 'Vova', '$2a$10$R8hZyu2e6AECPiEj64Y4seHCItEsjNnYIsN1EVu24pmBqm.k7yXP2', '+380-67-509-11-32', 'ROLE_USER', 'FEMALE', 'Lyubomir237'),
  (257, '2017-03-24 10:55:30', '2017-03-24 10:55:30', NULL, 'Andrey 238@gmai.com', b'1', 'Dmitry', 'Daniel', '$2a$10$6yzMS4EOQ6YhgPhq5mqaQuZtYePKbLKOrJhH1Zbheg4WLc6L70Wwe', '+380-67-509-11-32', 'ROLE_USER', 'MALE', 'Εlizaveta 238'),
  (258, '2017-03-24 10:55:30', '2017-03-24 10:55:30', NULL, 'Roman239@gmai.com', b'1', 'Anya', 'Anya', '$2a$10$mBEVJWbRINItJ7nBFzNWmu9LHU48UXooKkPLNpjrOAvE3greUDqku', '+380-67-509-11-32', 'ROLE_USER', 'FEMALE', 'Dmitry239'),
  (259, '2017-03-24 10:55:30', '2017-03-24 10:55:30', NULL, 'Εlizaveta 240@gmai.com', b'1', 'Roman', 'Taras', '$2a$10$TpCraacgljQdBIa3ppZGt.TTNiRBN0PyLnKnRa3Aom0mkEVJFmJYa', '+380-67-509-11-32', 'ROLE_USER', 'MALE', 'Christina240'),
  (260, '2017-03-24 10:55:30', '2017-03-24 10:55:30', NULL, 'Christina241@gmai.com', b'1', 'Dima', 'Vova', '$2a$10$UXmvmXJbVnB7gMiFmLwN5OFrs7NuizbDqjtMICu1DxI3vX4RJsAX.', '+380-67-509-11-32', 'ROLE_USER', 'FEMALE', 'Roman241'),
  (261, '2017-03-24 10:55:30', '2017-03-24 10:55:30', NULL, 'Daniel242@gmai.com', b'1', 'Anya', 'Aleksey', '$2a$10$BzUm8r1i7O00eSmvnDnhGePktWEQ1r/pBdmRs3QFqZQStLvma6TJy', '+380-67-509-11-32', 'ROLE_USER', 'MALE', 'Daniel242'),
  (262, '2017-03-24 10:55:30', '2017-03-24 10:55:30', NULL, 'Dmitry243@gmai.com', b'1', 'Andrey ', 'Roman', '$2a$10$8n9ryJj5aOxsgFEGilu1meg0p5knoMg0Bk2VlBv9Pao3ZtE1c.bR.', '+380-67-509-11-32', 'ROLE_USER', 'FEMALE', 'Dima243'),
  (263, '2017-03-24 10:55:30', '2017-03-24 10:55:30', NULL, 'Roman244@gmai.com', b'1', 'Lyubomir', 'Daniel', '$2a$10$L/IO4wHzksJkMZ82VSSIHOVdtIaOtHYa4Z6cKjqEdl.I31Ub7wa3m', '+380-67-509-11-32', 'ROLE_USER', 'MALE', 'Taras244'),
  (264, '2017-03-24 10:55:31', '2017-03-24 10:55:31', NULL, 'Lyubomir245@gmai.com', b'1', 'Dmitry', 'Yulia', '$2a$10$BdD9jtt9xVUHcq.io0ZcheRpEXPITeiyvnTLs7U7uCpUY4NNQk4Ui', '+380-67-509-11-32', 'ROLE_USER', 'FEMALE', 'Andrey 245'),
  (265, '2017-03-24 10:55:31', '2017-03-24 10:55:31', NULL, 'Aleksey246@gmai.com', b'1', 'Vova', 'Tanya', '$2a$10$Wi0LYUgBe44ACtTcu/otWeK5okukfd.YzfRw8sAChAcC6rgca2pLq', '+380-67-509-11-32', 'ROLE_USER', 'MALE', 'Tanya246'),
  (266, '2017-03-24 10:55:31', '2017-03-24 10:55:31', NULL, 'Dima247@gmai.com', b'1', 'Taras', 'Taras', '$2a$10$wCprAOJBDdgtQBK0A8R2Ieu7SZt8H8lq/zPk3F/oDpEP9uZHF/Pia', '+380-67-509-11-32', 'ROLE_USER', 'FEMALE', 'Dmitry247'),
  (267, '2017-03-24 10:55:31', '2017-03-24 10:55:31', NULL, 'Dima248@gmai.com', b'1', 'Alyex', 'Roman', '$2a$10$nkHkOJcaGXY8MDan7gHNtu9SmwwuFrk8ZNLYk4DiuWI0PsveG/EYe', '+380-67-509-11-32', 'ROLE_USER', 'MALE', 'Andrey 248'),
  (268, '2017-03-24 10:55:31', '2017-03-24 10:55:31', NULL, 'Vova249@gmai.com', b'1', 'Vova', 'Anya', '$2a$10$3h2mAPBwMTMOAZmFB60Kl.cWMV2YGKzVoCpaFK3vDAao5jHyrDS.6', '+380-67-509-11-32', 'ROLE_USER', 'FEMALE', 'Daniel249'),
  (269, '2017-03-24 10:55:31', '2017-03-24 10:55:31', NULL, 'Εlizaveta 250@gmai.com', b'1', 'Tanya', 'Dmitry', '$2a$10$gVUpwFdE8swD4b5FALZ8EeJmxV61bBelL/RKM2UlWsjjYMNpgkhiC', '+380-67-509-11-32', 'ROLE_USER', 'MALE', 'Taras250'),
  (270, '2017-03-24 10:55:31', '2017-03-24 10:55:31', NULL, 'Andrey 251@gmai.com', b'1', 'Alyex', 'Alyex', '$2a$10$rigIp6M5Wtz3n/tf0fSx6OYJUm5J/12ywnWzevXjHNsTt3GjuXWXa', '+380-67-509-11-32', 'ROLE_USER', 'FEMALE', 'Daniel251'),
  (271, '2017-03-24 10:55:32', '2017-03-24 10:55:32', NULL, 'Vova252@gmai.com', b'1', 'Dmitry', 'Εlizaveta ', '$2a$10$QJHUSU8sFc9kn2n9wUxqZ.5RBB6KVxM8kMQGMRj9kQ8eApaCJAT7.', '+380-67-509-11-32', 'ROLE_USER', 'MALE', 'Dima252'),
  (272, '2017-03-24 10:55:32', '2017-03-24 10:55:32', NULL, 'Tanya253@gmai.com', b'1', 'Yulia', 'Alyex', '$2a$10$lJ4PMFohZ.HkHWQ2XB285evof8JGtOH5JbJ1j4BfHOxL6T5hsH3.a', '+380-67-509-11-32', 'ROLE_USER', 'FEMALE', 'Yulia253'),
  (273, '2017-03-24 10:55:32', '2017-03-24 10:55:32', NULL, 'Christina254@gmai.com', b'1', 'Lyubomir', 'Andrey ', '$2a$10$JLRRrnj3h/vjReqjTSorXe02rPN092rgz.RVwzKcqPLa5c/U2gjvm', '+380-67-509-11-32', 'ROLE_USER', 'MALE', 'Taras254'),
  (274, '2017-03-24 10:55:32', '2017-03-24 10:55:32', NULL, 'Dmitry255@gmai.com', b'1', 'Yulia', 'Tanya', '$2a$10$ZLml3AhYdvMHUJuvE6tEU.xRBT5HhchG3OT4s0D1lCNMsUzoO/3zu', '+380-67-509-11-32', 'ROLE_USER', 'FEMALE', 'Yulia255'),
  (275, '2017-03-24 10:55:32', '2017-03-24 10:55:32', NULL, 'Taras256@gmai.com', b'1', 'Christina', 'Dmitry', '$2a$10$1d0Vq2SUz.XKn11JcmLmluLouqxHq2RwEgyDH91ECS39VWiey83UC', '+380-67-509-11-32', 'ROLE_USER', 'MALE', 'Aleksey256'),
  (276, '2017-03-24 10:55:32', '2017-03-24 10:55:32', NULL, 'Lyubomir257@gmai.com', b'1', 'Vova', 'Aleksey', '$2a$10$pNnkdv.YgoCCTXbKRd3YJ.mRzcHb3j89xZIiuU8sfhBzqd1r/DRTu', '+380-67-509-11-32', 'ROLE_USER', 'FEMALE', 'Christina257'),
  (277, '2017-03-24 10:55:32', '2017-03-24 10:55:32', NULL, 'Anya258@gmai.com', b'1', 'Roman', 'Aleksey', '$2a$10$Xbcoc47ulHEKwyPNXcbRVeCB6TfHc9RCvRslQGMkinkwRucpWX.3C', '+380-67-509-11-32', 'ROLE_USER', 'MALE', 'Daniel258'),
  (278, '2017-03-24 10:55:33', '2017-03-24 10:55:33', NULL, 'Tanya259@gmai.com', b'1', 'Daniel', 'Taras', '$2a$10$hdDnQqGl4BAJpZ9AbXOUo.4hYaN9poeYJ5.rU3vQHwUQug68V3pfy', '+380-67-509-11-32', 'ROLE_USER', 'FEMALE', 'Εlizaveta 259'),
  (279, '2017-03-24 10:55:33', '2017-03-24 10:55:33', NULL, 'Daniel260@gmai.com', b'1', 'Christina', 'Lyubomir', '$2a$10$4BEGoij64JuZ6dy38jRuR.E/mjKFrb9U.5ZXvHmyjF9T78W.1nY9S', '+380-67-509-11-32', 'ROLE_USER', 'MALE', 'Andrey 260'),
  (280, '2017-03-24 10:55:33', '2017-03-24 10:55:33', NULL, 'Roman261@gmai.com', b'1', 'Vova', 'Alyex', '$2a$10$r4E.hvrW83y.7TWRGUrogu6wmndJvStyM84X6GmD6qncgwxBKOqE.', '+380-67-509-11-32', 'ROLE_USER', 'FEMALE', 'Εlizaveta 261'),
  (281, '2017-03-24 10:55:33', '2017-03-24 10:55:33', NULL, 'Εlizaveta 262@gmai.com', b'1', 'Andrey ', 'Andrey ', '$2a$10$EpeXuBJhvsxbva2W.qg2pOVajbmrdcPUixwp5B/PAazVm4Id9oJZ.', '+380-67-509-11-32', 'ROLE_USER', 'MALE', 'Daniel262'),
  (282, '2017-03-24 10:55:33', '2017-03-24 10:55:33', NULL, 'Anya263@gmai.com', b'1', 'Andrey ', 'Tanya', '$2a$10$eYhcBtnuDIZbE8CSWFBjE.OOcSospwhvp7/0TOh2FQg6hKo5B.yDC', '+380-67-509-11-32', 'ROLE_USER', 'FEMALE', 'Tanya263'),
  (283, '2017-03-24 10:55:33', '2017-03-24 10:55:33', NULL, 'Alyex264@gmai.com', b'1', 'Roman', 'Alyex', '$2a$10$NQYHROgR4I09J39Nx092PesLdUef6JnPFMn2AX8MvG/fF9.FeSfzG', '+380-67-509-11-32', 'ROLE_USER', 'MALE', 'Dmitry264'),
  (284, '2017-03-24 10:55:33', '2017-03-24 10:55:33', NULL, 'Christina265@gmai.com', b'1', 'Anya', 'Alyex', '$2a$10$1FnUNCj2iCDRTR306yPKsObT4fpGRnRT/kIFQbHy4v71u1yveipgC', '+380-67-509-11-32', 'ROLE_USER', 'FEMALE', 'Lyubomir265'),
  (285, '2017-03-24 10:55:34', '2017-03-24 10:55:34', NULL, 'Vova266@gmai.com', b'1', 'Taras', 'Εlizaveta ', '$2a$10$FkgwAr2fYA5cis/0bco4y.jPLXkYrpiX.LxLe1kLzY8OdxF8s9dqy', '+380-67-509-11-32', 'ROLE_USER', 'MALE', 'Εlizaveta 266'),
  (286, '2017-03-24 10:55:34', '2017-03-24 10:55:34', NULL, 'Anya267@gmai.com', b'1', 'Dima', 'Tanya', '$2a$10$AkKvw504sU5UhR/.v0UQeuEGjwY/TTkCcqOCTWh/bi0etU0jiYaEm', '+380-67-509-11-32', 'ROLE_USER', 'FEMALE', 'Εlizaveta 267'),
  (287, '2017-03-24 10:55:34', '2017-03-24 10:55:34', NULL, 'Dima268@gmai.com', b'1', 'Εlizaveta ', 'Taras', '$2a$10$5q6tnph2ALy0nTYWlcI6feF9yKiFygKu3T/QKv6tCSm5Yi2Inksry', '+380-67-509-11-32', 'ROLE_USER', 'MALE', 'Vova268'),
  (288, '2017-03-24 10:55:34', '2017-03-24 10:55:34', NULL, 'Christina269@gmai.com', b'1', 'Taras', 'Yulia', '$2a$10$SDRthNCb0svJDgMwem3FWOcOzG9.4Uyp3nJiNt9mI/4jxfLD4hz8a', '+380-67-509-11-32', 'ROLE_USER', 'FEMALE', 'Anya269'),
  (289, '2017-03-24 10:55:34', '2017-03-24 10:55:34', NULL, 'Yulia270@gmai.com', b'1', 'Taras', 'Alyex', '$2a$10$QxgaxKAjDu59GtYt2c/vleGyVywWyfaeFicfyP2/qMT.2emVGOvIW', '+380-67-509-11-32', 'ROLE_USER', 'MALE', 'Aleksey270'),
  (290, '2017-03-24 10:55:34', '2017-03-24 10:55:34', NULL, 'Christina271@gmai.com', b'1', 'Εlizaveta ', 'Daniel', '$2a$10$ySUA8JfCLvIXDaqoYd0hVebCVBiEUfqpv7lrYA/gThcQ1usXrrDVq', '+380-67-509-11-32', 'ROLE_USER', 'FEMALE', 'Aleksey271'),
  (291, '2017-03-24 10:55:34', '2017-03-24 10:55:34', NULL, 'Εlizaveta 272@gmai.com', b'1', 'Yulia', 'Andrey ', '$2a$10$YMadmq7yCy1HXpm2WI/8oefUt4SQ7Txm973T/PoKhoJkw5J01pXv.', '+380-67-509-11-32', 'ROLE_USER', 'MALE', 'Aleksey272'),
  (292, '2017-03-24 10:55:35', '2017-03-24 10:55:35', NULL, 'Aleksey273@gmai.com', b'1', 'Taras', 'Alyex', '$2a$10$NNn0.2S78IaMXgyMbD8ZYevW7a5DNTmT/s7gPoSDgHdZUiEwUSdqm', '+380-67-509-11-32', 'ROLE_USER', 'FEMALE', 'Anya273'),
  (293, '2017-03-24 10:55:35', '2017-03-24 10:55:35', NULL, 'Vova274@gmai.com', b'1', 'Vova', 'Εlizaveta ', '$2a$10$en0h7LFIXA3P4OglG/Ypk.B/SigeCY2fPt8/NfvoSzJvojNh/F/7G', '+380-67-509-11-32', 'ROLE_USER', 'MALE', 'Anya274'),
  (294, '2017-03-24 10:55:35', '2017-03-24 10:55:35', NULL, 'Aleksey275@gmai.com', b'1', 'Taras', 'Yulia', '$2a$10$tjntKKVwaDcbBbzdLDuG3OXyHTEjGAPoY1h1Ha9LMQrP7zLHO0J92', '+380-67-509-11-32', 'ROLE_USER', 'FEMALE', 'Tanya275'),
  (295, '2017-03-24 10:55:35', '2017-03-24 10:55:35', NULL, 'Taras276@gmai.com', b'1', 'Christina', 'Andrey ', '$2a$10$VOHGtHZEkw/gpwiuyjVYYe8rK6CnIaBeklH.z3KLrbhtKb296gOma', '+380-67-509-11-32', 'ROLE_USER', 'MALE', 'Lyubomir276'),
  (296, '2017-03-24 10:55:35', '2017-03-24 10:55:35', NULL, 'Yulia277@gmai.com', b'1', 'Tanya', 'Christina', '$2a$10$2fFW6vz./qM9ldbXLNnHDuazC0LN4vM7iRhQ0F0JKYEJLev.hM10W', '+380-67-509-11-32', 'ROLE_USER', 'FEMALE', 'Εlizaveta 277'),
  (297, '2017-03-24 10:55:35', '2017-03-24 10:55:35', NULL, 'Dmitry278@gmai.com', b'1', 'Taras', 'Christina', '$2a$10$0izFXsZLqwYFRYQMC2eUnutjRtpm.JIgmvfjimMjoxZdw9SNXClaG', '+380-67-509-11-32', 'ROLE_USER', 'MALE', 'Aleksey278'),
  (298, '2017-03-24 10:55:35', '2017-03-24 10:55:35', NULL, 'Roman279@gmai.com', b'1', 'Andrey ', 'Andrey ', '$2a$10$4cJIPiPtsoWskiB783fBxeSj4avC5R2k4Ks1fI6BgeR8zG8szCPFO', '+380-67-509-11-32', 'ROLE_USER', 'FEMALE', 'Anya279'),
  (299, '2017-03-24 10:55:36', '2017-03-24 10:55:36', NULL, 'Andrey 280@gmai.com', b'1', 'Vova', 'Andrey ', '$2a$10$uXOFtYrdDhLqMJsGWoIBruRr..H2bh70wByS6z0NBF3Ta4voLx/K6', '+380-67-509-11-32', 'ROLE_USER', 'MALE', 'Aleksey280'),
  (300, '2017-03-24 10:55:36', '2017-03-24 10:55:36', NULL, 'Tanya281@gmai.com', b'1', 'Andrey ', 'Christina', '$2a$10$6MFE3umFfefKaUHlbirFJum8tYsypMTZLqKubf0qfnICt0epTCWKW', '+380-67-509-11-32', 'ROLE_USER', 'FEMALE', 'Εlizaveta 281'),
  (301, '2017-03-24 10:55:36', '2017-03-24 10:55:36', NULL, 'Anya282@gmai.com', b'1', 'Tanya', 'Anya', '$2a$10$J1v2q6bCkoXK7Am2w03q7.1jbOihIZsYoY.xExhHaxmY5XnrPGwti', '+380-67-509-11-32', 'ROLE_USER', 'MALE', 'Tanya282'),
  (302, '2017-03-24 10:55:36', '2017-03-24 10:55:36', NULL, 'Dima283@gmai.com', b'1', 'Vova', 'Daniel', '$2a$10$sgX09hcKXmo88S/5aSOwBOng2hyTwXs.hQEZ09z4C4IOkyDACnFQe', '+380-67-509-11-32', 'ROLE_USER', 'FEMALE', 'Dima283'),
  (303, '2017-03-24 10:55:36', '2017-03-24 10:55:36', NULL, 'Dmitry284@gmai.com', b'1', 'Anya', 'Aleksey', '$2a$10$0HEghktZYxMoNYfzr0oycukY4g6hQzYekqcSmjJ.eTMC0ZGYcmlS.', '+380-67-509-11-32', 'ROLE_USER', 'MALE', 'Roman284'),
  (304, '2017-03-24 10:55:36', '2017-03-24 10:55:36', NULL, 'Anya285@gmai.com', b'1', 'Alyex', 'Yulia', '$2a$10$CQAqiXIieA.Lu/IiBfejdeTPPHVBofNz3h99c/pWEbxYHZHBkPRD6', '+380-67-509-11-32', 'ROLE_USER', 'FEMALE', 'Tanya285'),
  (305, '2017-03-24 10:55:37', '2017-03-24 10:55:37', NULL, 'Christina286@gmai.com', b'1', 'Tanya', 'Roman', '$2a$10$nzDIYnR9K.B/JSEVWFfpgO1fRmeH46I9a5WLu3gTDEJrK5CG9WfSG', '+380-67-509-11-32', 'ROLE_USER', 'MALE', 'Roman286'),
  (306, '2017-03-24 10:55:37', '2017-03-24 10:55:37', NULL, 'Εlizaveta 287@gmai.com', b'1', 'Εlizaveta ', 'Yulia', '$2a$10$B/neTCknkdg51XQCsaW7G.HB6W0fUTj5dtAgM6GZ3CE/xE4wM2FbO', '+380-67-509-11-32', 'ROLE_USER', 'FEMALE', 'Roman287'),
  (307, '2017-03-24 10:55:37', '2017-03-24 10:55:37', NULL, 'Vova288@gmai.com', b'1', 'Dima', 'Taras', '$2a$10$ItYbmz9NMmMJUro1iuqPFuFPG/9PFeaNezcecxBasyzHt.8tASOXi', '+380-67-509-11-32', 'ROLE_USER', 'MALE', 'Andrey 288'),
  (308, '2017-03-24 10:55:37', '2017-03-24 10:55:37', NULL, 'Εlizaveta 289@gmai.com', b'1', 'Taras', 'Alyex', '$2a$10$Lv9gl07A77IXHAAr2MSfgub0aKJGx5.DUh3EmicbFb5ZyIk/I1Qqu', '+380-67-509-11-32', 'ROLE_USER', 'FEMALE', 'Christina289'),
  (309, '2017-03-24 10:55:37', '2017-03-24 10:55:37', NULL, 'Daniel290@gmai.com', b'1', 'Dima', 'Daniel', '$2a$10$fAYY6liuEshHMiggemtPQ.1t4tul/IAMAuW7r47zncp/6zmV4DyxO', '+380-67-509-11-32', 'ROLE_USER', 'MALE', 'Alyex290'),
  (310, '2017-03-24 10:55:37', '2017-03-24 10:55:37', NULL, 'Vova291@gmai.com', b'1', 'Vova', 'Yulia', '$2a$10$OCi9qcsZdfbvnlg1X/cObubz2Pewa2hG5GfRmQvieMJ5iYR8.zru.', '+380-67-509-11-32', 'ROLE_USER', 'FEMALE', 'Yulia291'),
  (311, '2017-03-24 10:55:37', '2017-03-24 10:55:37', NULL, 'Anya292@gmai.com', b'1', 'Dmitry', 'Dmitry', '$2a$10$h/D9I3IAP6LQp13zHuwPAuXdfQy9AOWmN5WbraUNYGWQUDu9Kp2JS', '+380-67-509-11-32', 'ROLE_USER', 'MALE', 'Taras292'),
  (312, '2017-03-24 10:55:38', '2017-03-24 10:55:38', NULL, 'Dima293@gmai.com', b'1', 'Anya', 'Andrey ', '$2a$10$63y.flKF.q4IfoIVb8lsiO8TiUzLbd6h9KZHCj5kF8Mfpuw8wSByW', '+380-67-509-11-32', 'ROLE_USER', 'FEMALE', 'Lyubomir293'),
  (313, '2017-03-24 10:55:38', '2017-03-24 10:55:38', NULL, 'Anya294@gmai.com', b'1', 'Alyex', 'Εlizaveta ', '$2a$10$Oj4eoO96D3L5EivG5mSKte96k63.waNtWRlcYSRa/V3bqF1qrYDxu', '+380-67-509-11-32', 'ROLE_USER', 'MALE', 'Daniel294'),
  (314, '2017-03-24 10:55:38', '2017-03-24 10:55:38', NULL, 'Yulia295@gmai.com', b'1', 'Alyex', 'Εlizaveta ', '$2a$10$/posRchToEfcYBVdEJ3qsuZniDfqMOgN.DGPi8D/IdJei3tuPLHvG', '+380-67-509-11-32', 'ROLE_USER', 'FEMALE', 'Dmitry295'),
  (315, '2017-03-24 10:55:38', '2017-03-24 10:55:38', NULL, 'Lyubomir296@gmai.com', b'1', 'Εlizaveta ', 'Εlizaveta ', '$2a$10$Pi3maD4sN.WkIDbZtf3ItOUwN0kcjFwpW3fT/rDV9ikxB1qOMh0s.', '+380-67-509-11-32', 'ROLE_USER', 'MALE', 'Dmitry296'),
  (316, '2017-03-24 10:55:38', '2017-03-24 10:55:38', NULL, 'Vova297@gmai.com', b'1', 'Dmitry', 'Andrey ', '$2a$10$eijp7W2p.ZCLbXrm.9PCD.2151kZ6IyzzSl/.EJKvqUIVvvi1GHHG', '+380-67-509-11-32', 'ROLE_USER', 'FEMALE', 'Εlizaveta 297'),
  (317, '2017-03-24 10:55:38', '2017-03-24 10:55:38', NULL, 'Tanya298@gmai.com', b'1', 'Taras', 'Roman', '$2a$10$Ztg717cSXLSS263hfJtYCuh5uGxN5.RJavXYRXbK4NISd944ohPZy', '+380-67-509-11-32', 'ROLE_USER', 'MALE', 'Roman298'),
  (318, '2017-03-24 10:55:39', '2017-03-24 10:55:39', NULL, 'Aleksey299@gmai.com', b'1', 'Vova', 'Lyubomir', '$2a$10$MRO1sEnfL8bKrbckcKo16eUr1fxZpf/IwJgpBUj.L9oTgntk9Mu4u', '+380-67-509-11-32', 'ROLE_USER', 'FEMALE', 'Dmitry299'),
  (319, '2017-03-24 10:55:39', '2017-03-24 10:55:39', NULL, 'Dima300@gmai.com', b'1', 'Christina', 'Andrey ', '$2a$10$teCsI7SGs7O8eNznHMNKP.Gxa4FI2/Y9wgZcMALfbeHkjH4CBvtcu', '+380-67-509-11-32', 'ROLE_USER', 'MALE', 'Andrey 300'),
  (320, '2017-03-24 10:55:39', '2017-03-24 10:55:39', NULL, 'Yulia301@gmai.com', b'1', 'Alyex', 'Christina', '$2a$10$1sQFeqpTs4MM3iACBJE2OeeYZY1N13xH3BETiq9IJq01jUjrGuGfW', '+380-67-509-11-32', 'ROLE_USER', 'FEMALE', 'Anya301'),
  (321, '2017-03-24 10:55:39', '2017-03-24 10:55:39', NULL, 'Andrey 302@gmai.com', b'1', 'Dima', 'Lyubomir', '$2a$10$ZUp.l8kTOESKQLNsoEkyReE0I4yNjLtBRwjqRKnbJX66nrzlogif.', '+380-67-509-11-32', 'ROLE_USER', 'MALE', 'Yulia302'),
  (322, '2017-03-24 10:55:39', '2017-03-24 10:55:39', NULL, 'Vova303@gmai.com', b'1', 'Alyex', 'Lyubomir', '$2a$10$t2qI2hCsL7nGGMxu/caoxeapWqSMkRDGDCA9XTq2OIXsju2DMj1IK', '+380-67-509-11-32', 'ROLE_USER', 'FEMALE', 'Anya303'),
  (323, '2017-03-24 10:55:39', '2017-03-24 10:55:39', NULL, 'Christina304@gmai.com', b'1', 'Yulia', 'Lyubomir', '$2a$10$./XRjZiUluapXpBJgz4HouEEMGKoWaiDc/Z5bUlFZ5Pga60opYN1e', '+380-67-509-11-32', 'ROLE_USER', 'MALE', 'Yulia304'),
  (324, '2017-03-24 10:55:39', '2017-03-24 10:55:39', NULL, 'Lyubomir305@gmai.com', b'1', 'Taras', 'Alyex', '$2a$10$NVdFskhwxkR/XDj0nR15GuYv.wMH4MK87RIWsyXAQxWoFNbHUJD32', '+380-67-509-11-32', 'ROLE_USER', 'FEMALE', 'Vova305'),
  (325, '2017-03-24 10:55:40', '2017-03-24 10:55:40', NULL, 'Aleksey306@gmai.com', b'1', 'Dima', 'Εlizaveta ', '$2a$10$tcnnN48vzcWNTi8drdji7OUNfNOE20BQKmS9bsgGvcD/q5O0HI0oq', '+380-67-509-11-32', 'ROLE_USER', 'MALE', 'Dmitry306'),
  (326, '2017-03-24 10:55:40', '2017-03-24 10:55:40', NULL, 'Taras307@gmai.com', b'1', 'Tanya', 'Dmitry', '$2a$10$6spI9JxssxbvxniipbBf9eafhnThjqx2z58.pgkMhOXhh5J9gApza', '+380-67-509-11-32', 'ROLE_USER', 'FEMALE', 'Andrey 307'),
  (327, '2017-03-24 10:55:40', '2017-03-24 10:55:40', NULL, 'Dima308@gmai.com', b'1', 'Aleksey', 'Dmitry', '$2a$10$QOPedjcGdDgkalpWTkcmOuwpqNY71eALdwm8IWkEsQvY206CCL8Wu', '+380-67-509-11-32', 'ROLE_USER', 'MALE', 'Dima308'),
  (328, '2017-03-24 10:55:40', '2017-03-24 10:55:40', NULL, 'Dmitry309@gmai.com', b'1', 'Roman', 'Dmitry', '$2a$10$NyPZmr9dQerEpCC/8dF6tOck8VVmf2b/7c8Qp07Y0LQXPArCf7uoa', '+380-67-509-11-32', 'ROLE_USER', 'FEMALE', 'Alyex309'),
  (329, '2017-03-24 10:55:40', '2017-03-24 10:55:40', NULL, 'Tanya310@gmai.com', b'1', 'Daniel', 'Taras', '$2a$10$/DRo.JZsNioXIoV8VMlXEO5KqozEyGRQsRivzxqL7cI4Itm.RQ2IS', '+380-67-509-11-32', 'ROLE_USER', 'MALE', 'Εlizaveta 310'),
  (330, '2017-03-24 10:55:40', '2017-03-24 10:55:40', NULL, 'Εlizaveta 311@gmai.com', b'1', 'Tanya', 'Daniel', '$2a$10$HoUbkqJr7T4l/H3qlBZl5e9/YBkuGjpM0dj5l9yy3ws/Q3CyyJwUm', '+380-67-509-11-32', 'ROLE_USER', 'FEMALE', 'Dima311'),
  (331, '2017-03-24 10:55:40', '2017-03-24 10:55:40', NULL, 'Roman312@gmai.com', b'1', 'Vova', 'Dima', '$2a$10$M4qkEVFmOZaxjici6ZG3rea2qjwXO2Rhe56FnGfxkkoLpw.6kGw8u', '+380-67-509-11-32', 'ROLE_USER', 'MALE', 'Dima312'),
  (332, '2017-03-24 10:55:41', '2017-03-24 10:55:41', NULL, 'Vova313@gmai.com', b'1', 'Taras', 'Εlizaveta ', '$2a$10$IqK5iHaxKYSOu9BV6bza9O0F48tnfI2GEIka.tY/SONFTVgskhTgu', '+380-67-509-11-32', 'ROLE_USER', 'FEMALE', 'Taras313'),
  (333, '2017-03-24 10:55:41', '2017-03-24 10:55:41', NULL, 'Dima314@gmai.com', b'1', 'Christina', 'Daniel', '$2a$10$MEKHQdPrNaDVKygbp5fT/e8uEk3Mx0Tz8yJ7v02fKjdL.ZRb5TR2O', '+380-67-509-11-32', 'ROLE_USER', 'MALE', 'Lyubomir314'),
  (334, '2017-03-24 10:55:41', '2017-03-24 10:55:41', NULL, 'Dima315@gmai.com', b'1', 'Taras', 'Alyex', '$2a$10$j8EI/P82BE2DbRE7G4lJ0OETbFdkj/klPIINXHclaEpTeVe47uuIe', '+380-67-509-11-32', 'ROLE_USER', 'FEMALE', 'Aleksey315'),
  (335, '2017-03-24 10:55:41', '2017-03-24 10:55:41', NULL, 'Dima316@gmai.com', b'1', 'Yulia', 'Aleksey', '$2a$10$eMDvq2L8J8miQOXNoCjQ/euM/RzTqMgy/KlcuURJpAYDVXgF8IXQK', '+380-67-509-11-32', 'ROLE_USER', 'MALE', 'Christina316'),
  (336, '2017-03-24 10:55:41', '2017-03-24 10:55:41', NULL, 'Lyubomir317@gmai.com', b'1', 'Dmitry', 'Dmitry', '$2a$10$rlByGikfizt4rkKE8k6uT.cYZ3kgUVuoo2tFWqikt0goZt/RS6W4K', '+380-67-509-11-32', 'ROLE_USER', 'FEMALE', 'Εlizaveta 317'),
  (337, '2017-03-24 10:55:41', '2017-03-24 10:55:41', NULL, 'Dima318@gmai.com', b'1', 'Taras', 'Εlizaveta ', '$2a$10$gTg25uzHgoqQOYFJM.GvE.YHtaDIXfRmdvC/5e/L3n7nRqyPwZbhm', '+380-67-509-11-32', 'ROLE_USER', 'MALE', 'Εlizaveta 318'),
  (338, '2017-03-24 10:55:41', '2017-03-24 10:55:41', NULL, 'Dmitry319@gmai.com', b'1', 'Daniel', 'Daniel', '$2a$10$ziV1xejMrAITJwY5UlVHD.QuMKHutPDhAVjSsWbRKIKt6RKEJuy9y', '+380-67-509-11-32', 'ROLE_USER', 'FEMALE', 'Christina319'),
  (339, '2017-03-24 10:55:42', '2017-03-24 10:55:42', NULL, 'Alyex320@gmai.com', b'1', 'Εlizaveta ', 'Anya', '$2a$10$AHXLaZxqFGLhwf.ou9tlseLramU.diBzJAqEe6vC.WKF4K9H8/BPy', '+380-67-509-11-32', 'ROLE_USER', 'MALE', 'Εlizaveta 320'),
  (340, '2017-03-24 10:55:42', '2017-03-24 10:55:42', NULL, 'Lyubomir321@gmai.com', b'1', 'Daniel', 'Εlizaveta ', '$2a$10$X7L35wHcGC/o7brLO35SVeX1enokoMeU3WuxC4V4avNtKrsfFhfTC', '+380-67-509-11-32', 'ROLE_USER', 'FEMALE', 'Andrey 321'),
  (341, '2017-03-24 10:55:42', '2017-03-24 10:55:42', NULL, 'Daniel322@gmai.com', b'1', 'Andrey ', 'Anya', '$2a$10$5jmIKnynsAZt8D/KFZnQd.MTaRLPyWY6V3CYEdQVNTgaNrVnQPnGO', '+380-67-509-11-32', 'ROLE_USER', 'MALE', 'Daniel322'),
  (342, '2017-03-24 10:55:42', '2017-03-24 10:55:42', NULL, 'Aleksey323@gmai.com', b'1', 'Daniel', 'Christina', '$2a$10$OqEV6i4F4BaLOy2JfmvV.e/320s36bzzxQN7zfCOVVkElR3F3NrIK', '+380-67-509-11-32', 'ROLE_USER', 'FEMALE', 'Anya323'),
  (343, '2017-03-24 10:55:42', '2017-03-24 10:55:42', NULL, 'Taras324@gmai.com', b'1', 'Andrey ', 'Dmitry', '$2a$10$CSO3omiuJmYSan5Ovf9i6eoKHP41nmUezgw4MKHtb1v1ee5YGAzGq', '+380-67-509-11-32', 'ROLE_USER', 'MALE', 'Roman324'),
  (344, '2017-03-24 10:55:42', '2017-03-24 10:55:42', NULL, 'Lyubomir325@gmai.com', b'1', 'Dima', 'Dmitry', '$2a$10$7Uv51XICxfrmkuegKlF7huMliAqW1r/.gQ1V6ftf9wV4IsVSABc3u', '+380-67-509-11-32', 'ROLE_USER', 'FEMALE', 'Roman325'),
  (345, '2017-03-24 10:55:42', '2017-03-24 10:55:42', NULL, 'Dmitry326@gmai.com', b'1', 'Vova', 'Tanya', '$2a$10$vK3w.DEwICPSnOv2iKxFh.ujuRu.bHWhjFAS./jNN3QVEDgSIsJgy', '+380-67-509-11-32', 'ROLE_USER', 'MALE', 'Aleksey326'),
  (346, '2017-03-24 10:55:43', '2017-03-24 10:55:43', NULL, 'Anya327@gmai.com', b'1', 'Aleksey', 'Yulia', '$2a$10$8.mqJg3o3gVu7kmcQLkoKOmCNXUVDfsiD3eqwmWUw0X1OiU2sggMW', '+380-67-509-11-32', 'ROLE_USER', 'FEMALE', 'Daniel327'),
  (347, '2017-03-24 10:55:43', '2017-03-24 10:55:43', NULL, 'Aleksey328@gmai.com', b'1', 'Yulia', 'Anya', '$2a$10$/XjnNiLW3CR6gA8u3lLRwOg9BjLajA1YbFmcAXhZMAfLHKX3iBvVa', '+380-67-509-11-32', 'ROLE_USER', 'MALE', 'Anya328'),
  (348, '2017-03-24 10:55:43', '2017-03-24 10:55:43', NULL, 'Vova329@gmai.com', b'1', 'Yulia', 'Dima', '$2a$10$EC.Fa1tbpST7TiVRaJURkeTiMVD0bDYJ.MqI5uui5p/Ada7VKHUiy', '+380-67-509-11-32', 'ROLE_USER', 'FEMALE', 'Christina329'),
  (349, '2017-03-24 10:55:43', '2017-03-24 10:55:43', NULL, 'Dima330@gmai.com', b'1', 'Daniel', 'Vova', '$2a$10$y2hKeCsdXLMfM06pYoO79eR9ARQP9PPEaCq9f.JtYXdqaI5vGdFry', '+380-67-509-11-32', 'ROLE_USER', 'MALE', 'Andrey 330'),
  (350, '2017-03-24 10:55:43', '2017-03-24 10:55:43', NULL, 'Daniel331@gmai.com', b'1', 'Dima', 'Lyubomir', '$2a$10$4UJ6pMrnlexd9HAFfAYkq.TWcAhkF5DK1WmUYzznnVnuxPFB4TCBi', '+380-67-509-11-32', 'ROLE_USER', 'FEMALE', 'Vova331'),
  (351, '2017-03-24 10:55:43', '2017-03-24 10:55:43', NULL, 'Aleksey332@gmai.com', b'1', 'Christina', 'Lyubomir', '$2a$10$mealbynRb4O1JbcxKu3mQe8brR969zleRY7Xm3dpmPrUj2PgTKJXi', '+380-67-509-11-32', 'ROLE_USER', 'MALE', 'Εlizaveta 332'),
  (352, '2017-03-24 10:55:43', '2017-03-24 10:55:43', NULL, 'Christina333@gmai.com', b'1', 'Roman', 'Taras', '$2a$10$1fWBlmSYPQyYtKY032YIaOHKq2kz2xw1jiYEyQKTJyeaC4uADCkHe', '+380-67-509-11-32', 'ROLE_USER', 'FEMALE', 'Roman333'),
  (353, '2017-03-24 10:55:44', '2017-03-24 10:55:44', NULL, 'Andrey 334@gmai.com', b'1', 'Daniel', 'Vova', '$2a$10$4GTPCBSAbi5bAy.ZqFXe9uXNnAkGTOqZPeNU08eqg07Z3.K32258.', '+380-67-509-11-32', 'ROLE_USER', 'MALE', 'Christina334'),
  (354, '2017-03-24 10:55:44', '2017-03-24 10:55:44', NULL, 'Dmitry335@gmai.com', b'1', 'Yulia', 'Roman', '$2a$10$8cXnOdGBDaB/Xxp2hxb3HuQY7ZMxDIWm0y2qY6xKCeXRdQIz7tzLy', '+380-67-509-11-32', 'ROLE_USER', 'FEMALE', 'Daniel335'),
  (355, '2017-03-24 10:55:44', '2017-03-24 10:55:44', NULL, 'Dmitry336@gmai.com', b'1', 'Daniel', 'Εlizaveta ', '$2a$10$Dl78N/3QK00ZbYxGeynbSe66y15p1GZlga.r6kU3VzFCQ5TL5T/Xm', '+380-67-509-11-32', 'ROLE_USER', 'MALE', 'Yulia336'),
  (356, '2017-03-24 10:55:44', '2017-03-24 10:55:44', NULL, 'Anya337@gmai.com', b'1', 'Daniel', 'Daniel', '$2a$10$KSAk48/P3ORJYR49OaO/v.21phIfZvh5xLcp77Lr21GtsftKEo6jm', '+380-67-509-11-32', 'ROLE_USER', 'FEMALE', 'Vova337'),
  (357, '2017-03-24 10:55:44', '2017-03-24 10:55:44', NULL, 'Anya338@gmai.com', b'1', 'Tanya', 'Yulia', '$2a$10$Sgi8z6gDsf3SFY0lCej3Q.UaAbR/XfvD8BW9QPN7CtLljgJpraydS', '+380-67-509-11-32', 'ROLE_USER', 'MALE', 'Lyubomir338'),
  (358, '2017-03-24 10:55:44', '2017-03-24 10:55:44', NULL, 'Vova339@gmai.com', b'1', 'Dmitry', 'Roman', '$2a$10$EnwnHfnE8PcwzU40Z5BuAufI/vD.ajP9Fdty/Sz3I7E3.vJr7gR.m', '+380-67-509-11-32', 'ROLE_USER', 'FEMALE', 'Aleksey339'),
  (359, '2017-03-24 10:55:44', '2017-03-24 10:55:44', NULL, 'Anya340@gmai.com', b'1', 'Dmitry', 'Christina', '$2a$10$S7CHfV64Ejh7ZsLZPcPcO.ro82UiXbG5h1oJDuXy0Nni3V4ptnwoy', '+380-67-509-11-32', 'ROLE_USER', 'MALE', 'Taras340'),
  (360, '2017-03-24 10:55:45', '2017-03-24 10:55:45', NULL, 'Alyex341@gmai.com', b'1', 'Anya', 'Anya', '$2a$10$mKDhIqyypapV1rPec8gEUOow0V17EUGNrKjnATjgigzjXqJiyKPku', '+380-67-509-11-32', 'ROLE_USER', 'FEMALE', 'Vova341'),
  (361, '2017-03-24 10:55:45', '2017-03-24 10:55:45', NULL, 'Daniel342@gmai.com', b'1', 'Εlizaveta ', 'Εlizaveta ', '$2a$10$.zD2bG1YfEWNzdRe59zbY.yM9kDLIzKdrw2Df.3Zj3GPR26v/qCxy', '+380-67-509-11-32', 'ROLE_USER', 'MALE', 'Taras342'),
  (362, '2017-03-24 10:55:45', '2017-03-24 10:55:45', NULL, 'Tanya343@gmai.com', b'1', 'Dima', 'Tanya', '$2a$10$U8CqmTfswD0.0Faua5b5jO2pv0nomxEVVlkHf4JVFJ8sIEvpRy9BW', '+380-67-509-11-32', 'ROLE_USER', 'FEMALE', 'Yulia343'),
  (363, '2017-03-24 10:55:45', '2017-03-24 10:55:45', NULL, 'Lyubomir344@gmai.com', b'1', 'Christina', 'Christina', '$2a$10$nejndlLoyxtVmfq6a.vaMuMYne/IHAa2zv4RAeZ.EWCq.PZz8uAb6', '+380-67-509-11-32', 'ROLE_USER', 'MALE', 'Roman344'),
  (364, '2017-03-24 10:55:45', '2017-03-24 10:55:45', NULL, 'Vova345@gmai.com', b'1', 'Taras', 'Taras', '$2a$10$XLkos2Hb36idhixH2UdygenrP4Z11l.qUr9e5/qco3tMvJScfOKPa', '+380-67-509-11-32', 'ROLE_USER', 'FEMALE', 'Anya345'),
  (365, '2017-03-24 10:55:45', '2017-03-24 10:55:45', NULL, 'Dmitry346@gmai.com', b'1', 'Alyex', 'Andrey ', '$2a$10$3Ccs9/fVKCZjYx6UxSmDe.nyZapJVoQO1ngg9.HdmSCecc8U/jT3a', '+380-67-509-11-32', 'ROLE_USER', 'MALE', 'Alyex346'),
  (366, '2017-03-24 10:55:45', '2017-03-24 10:55:45', NULL, 'Christina347@gmai.com', b'1', 'Andrey ', 'Christina', '$2a$10$cWA6XRe/w1rOOYpKJm7Td.p53Snnx4Mf33h2z/OxYPsehR.dDsmIe', '+380-67-509-11-32', 'ROLE_USER', 'FEMALE', 'Andrey 347'),
  (367, '2017-03-24 10:55:46', '2017-03-24 10:55:46', NULL, 'Roman348@gmai.com', b'1', 'Roman', 'Lyubomir', '$2a$10$LnoKfVqv26gaeOSq/Dd9Q.FuYIIAiAkjFa6mQ9cy/PV1FskHdz5qi', '+380-67-509-11-32', 'ROLE_USER', 'MALE', 'Dima348'),
  (368, '2017-03-24 10:55:46', '2017-03-24 10:55:46', NULL, 'Dmitry349@gmai.com', b'1', 'Taras', 'Yulia', '$2a$10$zWPEoR/D/NDvsqQUSke33uwNwW0R5Ti.SrwusNAvUZ1k/Tg1.L4WC', '+380-67-509-11-32', 'ROLE_USER', 'FEMALE', 'Andrey 349'),
  (369, '2017-03-24 10:55:46', '2017-03-24 10:55:46', NULL, 'Εlizaveta 350@gmai.com', b'1', 'Alyex', 'Dima', '$2a$10$beU1YffO4hnlkXMQ0TK3x.1qZYX/sQ3JKw4M1C1aHJzQ8FAM/1qtm', '+380-67-509-11-32', 'ROLE_USER', 'MALE', 'Christina350'),
  (370, '2017-03-24 10:55:46', '2017-03-24 10:55:46', NULL, 'Andrey 351@gmai.com', b'1', 'Tanya', 'Daniel', '$2a$10$nrfl.266kdds0rCboz8FQO1kCgou.HoEN88Cma/WflzEHQgkL4ude', '+380-67-509-11-32', 'ROLE_USER', 'FEMALE', 'Aleksey351'),
  (371, '2017-03-24 10:55:46', '2017-03-24 10:55:46', NULL, 'Daniel352@gmai.com', b'1', 'Aleksey', 'Yulia', '$2a$10$DLZ/cKkRqLdlUtdzwdcpzu.E3gUhaExE5i8qV64FF.hcdFiPGK.IS', '+380-67-509-11-32', 'ROLE_USER', 'MALE', 'Roman352'),
  (372, '2017-03-24 10:55:46', '2017-03-24 10:55:46', NULL, 'Lyubomir353@gmai.com', b'1', 'Anya', 'Vova', '$2a$10$yakMwhhFdPyVYp1NY2kovudktzrAqglb2Vm9nr2MC40P7GEoijJwG', '+380-67-509-11-32', 'ROLE_USER', 'FEMALE', 'Εlizaveta 353'),
  (373, '2017-03-24 10:55:46', '2017-03-24 10:55:46', NULL, 'Christina354@gmai.com', b'1', 'Lyubomir', 'Vova', '$2a$10$8jFWTHmKluKnAPIIu18kU.PFT9To/9C5AVtgPfT7CFkzoY/eXVYXa', '+380-67-509-11-32', 'ROLE_USER', 'MALE', 'Roman354'),
  (374, '2017-03-24 10:55:47', '2017-03-24 10:55:47', NULL, 'Christina355@gmai.com', b'1', 'Taras', 'Aleksey', '$2a$10$WM2LU3pMcqE9yzNKLzqU/ud7eM8lTX0oe/a5UkU7GQJ0.vOBkBHMa', '+380-67-509-11-32', 'ROLE_USER', 'FEMALE', 'Roman355'),
  (375, '2017-03-24 10:55:47', '2017-03-24 10:55:47', NULL, 'Εlizaveta 356@gmai.com', b'1', 'Andrey ', 'Anya', '$2a$10$TGmY4PunVJOCynqsw80UM.Hjkz0/ezynZhFTO9Z7qZlrQmmjyuFT.', '+380-67-509-11-32', 'ROLE_USER', 'MALE', 'Εlizaveta 356'),
  (376, '2017-03-24 10:55:47', '2017-03-24 10:55:47', NULL, 'Anya357@gmai.com', b'1', 'Lyubomir', 'Anya', '$2a$10$/HoyWByXGUgvzcKkg/4r6utxPHhqoRQPnLPxSDqglVVunrI9dhfgy', '+380-67-509-11-32', 'ROLE_USER', 'FEMALE', 'Taras357'),
  (377, '2017-03-24 10:55:47', '2017-03-24 10:55:47', NULL, 'Tanya358@gmai.com', b'1', 'Roman', 'Christina', '$2a$10$0wXojgZyxYPre0.Vs9wuy.55F/xTuUyZXchrtz7pNziL8HxmR2xBy', '+380-67-509-11-32', 'ROLE_USER', 'MALE', 'Aleksey358'),
  (378, '2017-03-24 10:55:47', '2017-03-24 10:55:47', NULL, 'Tanya359@gmai.com', b'1', 'Vova', 'Vova', '$2a$10$5bGBg14GGOXl3m3Uxj0ytuhGVCAbHbcUaFXRLzRGSA0OvsfXciham', '+380-67-509-11-32', 'ROLE_USER', 'FEMALE', 'Daniel359'),
  (379, '2017-03-24 10:55:47', '2017-03-24 10:55:47', NULL, 'Andrey 360@gmai.com', b'1', 'Dima', 'Vova', '$2a$10$8zSpOn5WCxl6y8wFH2QoM.l5TwhnX5YAfDYgJxK/BP.UFAv0WL.2K', '+380-67-509-11-32', 'ROLE_USER', 'MALE', 'Christina360'),
  (380, '2017-03-24 10:55:47', '2017-03-24 10:55:47', NULL, 'Roman361@gmai.com', b'1', 'Yulia', 'Dmitry', '$2a$10$seg6CUqNpsWHKjtBQlOeh.aNUj0LOZa0blcKu8ELDZ1yUbY1U.5c.', '+380-67-509-11-32', 'ROLE_USER', 'FEMALE', 'Yulia361'),
  (381, '2017-03-24 10:55:48', '2017-03-24 10:55:48', NULL, 'Roman362@gmai.com', b'1', 'Tanya', 'Roman', '$2a$10$IvEhH/.DW8oTnGhdIaEzLOrycx21L.XIyGeMHaeg/YBxhSc5KoscS', '+380-67-509-11-32', 'ROLE_USER', 'MALE', 'Tanya362'),
  (382, '2017-03-24 10:55:48', '2017-03-24 10:55:48', NULL, 'Roman363@gmai.com', b'1', 'Yulia', 'Yulia', '$2a$10$3Pr9cikswa8BIBQTTllm4OZEY2A464envipa9G5pLwGtgshvcdr5q', '+380-67-509-11-32', 'ROLE_USER', 'FEMALE', 'Alyex363'),
  (383, '2017-03-24 10:55:48', '2017-03-24 10:55:48', NULL, 'Dima364@gmai.com', b'1', 'Dmitry', 'Vova', '$2a$10$9pZVlR4QANPpMkYBLR6l1egWXSnNk/v/bnw5DGJ0b85/YCKVi4mdO', '+380-67-509-11-32', 'ROLE_USER', 'MALE', 'Christina364'),
  (384, '2017-03-24 10:55:48', '2017-03-24 10:55:48', NULL, 'Vova365@gmai.com', b'1', 'Anya', 'Roman', '$2a$10$Em0Nc6trrbhSFzK/1OFsLezll3G8tnoS.zWvNp1PcR3yFS3uCxkyW', '+380-67-509-11-32', 'ROLE_USER', 'FEMALE', 'Dima365'),
  (385, '2017-03-24 10:55:48', '2017-03-24 10:55:48', NULL, 'Εlizaveta 366@gmai.com', b'1', 'Dmitry', 'Andrey ', '$2a$10$kK5IN4MHbr0.RoVbhCe9ge5Zub9eHKUL65eXzTnsSMdOodof0bzuW', '+380-67-509-11-32', 'ROLE_USER', 'MALE', 'Taras366'),
  (386, '2017-03-24 10:55:48', '2017-03-24 10:55:48', NULL, 'Yulia367@gmai.com', b'1', 'Taras', 'Daniel', '$2a$10$6mRbGGoBPSSgXIM/PkjuCeSX0VPxt7koRybOP5VhWod1uxg3jVlj.', '+380-67-509-11-32', 'ROLE_USER', 'FEMALE', 'Christina367'),
  (387, '2017-03-24 10:55:48', '2017-03-24 10:55:48', NULL, 'Tanya368@gmai.com', b'1', 'Εlizaveta ', 'Yulia', '$2a$10$B8fk6A8YCQUOSlPYwZur2ubM.kPLc6ZNl/qjHt6e1xJeqECFnM8Sq', '+380-67-509-11-32', 'ROLE_USER', 'MALE', 'Christina368'),
  (388, '2017-03-24 10:55:48', '2017-03-24 10:55:48', NULL, 'Vova369@gmai.com', b'1', 'Tanya', 'Yulia', '$2a$10$GM687.k4SIJnTia1FGj3teTV59ZFq5jXcVdYtl9j7voCMgnrGr9BW', '+380-67-509-11-32', 'ROLE_USER', 'FEMALE', 'Alyex369'),
  (389, '2017-03-24 10:55:49', '2017-03-24 10:55:49', NULL, 'Dmitry370@gmai.com', b'1', 'Εlizaveta ', 'Εlizaveta ', '$2a$10$Ub7s7qjrT8GpPY9HNOvoceoyyJ70Sz9.mgladA50a8qP3fgDKLPvW', '+380-67-509-11-32', 'ROLE_USER', 'MALE', 'Andrey 370'),
  (390, '2017-03-24 10:55:49', '2017-03-24 10:55:49', NULL, 'Yulia371@gmai.com', b'1', 'Vova', 'Dima', '$2a$10$UmnJWo8f2N5vbCFt7l7O6eNk88HRhrm0oR2Nakb3H.HxeHOf/HLfC', '+380-67-509-11-32', 'ROLE_USER', 'FEMALE', 'Anya371'),
  (391, '2017-03-24 10:55:49', '2017-03-24 10:55:49', NULL, 'Roman372@gmai.com', b'1', 'Aleksey', 'Lyubomir', '$2a$10$1t7Y4PHlLn8oSA3MPlL6QOZNmNDva0XpO2gZggStA9XII92aqXo1G', '+380-67-509-11-32', 'ROLE_USER', 'MALE', 'Tanya372'),
  (392, '2017-03-24 10:55:49', '2017-03-24 10:55:49', NULL, 'Christina373@gmai.com', b'1', 'Aleksey', 'Aleksey', '$2a$10$M4060Ge5lReHEJ/8VE0e0O74bOqsYWdYKs55DsCWDHw4v4JdMqiNa', '+380-67-509-11-32', 'ROLE_USER', 'FEMALE', 'Aleksey373'),
  (393, '2017-03-24 10:55:49', '2017-03-24 10:55:49', NULL, 'Vova374@gmai.com', b'1', 'Yulia', 'Alyex', '$2a$10$6dDuix1lD/OQLEQ6BMvjH.fsIAFfMr.EhtNmlp3gtEp3RbRlVEI9C', '+380-67-509-11-32', 'ROLE_USER', 'MALE', 'Andrey 374'),
  (394, '2017-03-24 10:55:49', '2017-03-24 10:55:49', NULL, 'Yulia375@gmai.com', b'1', 'Christina', 'Tanya', '$2a$10$UNWGJFBhVpA.MvNOGJAJ0eQfZMjqvJCcEOQQahscKgL0sUBVXbccu', '+380-67-509-11-32', 'ROLE_USER', 'FEMALE', 'Lyubomir375'),
  (395, '2017-03-24 10:55:50', '2017-03-24 10:55:50', NULL, 'Alyex376@gmai.com', b'1', 'Yulia', 'Alyex', '$2a$10$rMZKabaZJp4eUYxhsXFIbeOmYL4DiOp83ZFroR51C28oPxEkh4UTW', '+380-67-509-11-32', 'ROLE_USER', 'MALE', 'Tanya376'),
  (396, '2017-03-24 10:55:50', '2017-03-24 10:55:50', NULL, 'Yulia377@gmai.com', b'1', 'Vova', 'Taras', '$2a$10$xmYRPAOvRUFmrap7uSd7QecRjDn5fI/.DAcltae01aKTVFvyspjAq', '+380-67-509-11-32', 'ROLE_USER', 'FEMALE', 'Alyex377'),
  (397, '2017-03-24 10:55:50', '2017-03-24 10:55:50', NULL, 'Tanya378@gmai.com', b'1', 'Daniel', 'Taras', '$2a$10$4ryVfZRqSo8Hzag2lxVf2uwwTNe4zMQUsTpi2xCo9vxR9D2QMHstC', '+380-67-509-11-32', 'ROLE_USER', 'MALE', 'Εlizaveta 378'),
  (398, '2017-03-24 10:55:50', '2017-03-24 10:55:50', NULL, 'Anya379@gmai.com', b'1', 'Anya', 'Dima', '$2a$10$82VTzJ3rmKASP6fpjmn/q.PLS4w5nhM4t.V9VXz5UGSe9bA5W4EPu', '+380-67-509-11-32', 'ROLE_USER', 'FEMALE', 'Daniel379'),
  (399, '2017-03-24 10:55:50', '2017-03-24 10:55:50', NULL, 'Aleksey380@gmai.com', b'1', 'Yulia', 'Lyubomir', '$2a$10$uF3D3KgEoNg/4F7PwpySrOaGY/1diVq8hzQjjZqxHarepDq8JTOhC', '+380-67-509-11-32', 'ROLE_USER', 'MALE', 'Dima380'),
  (400, '2017-03-24 10:55:50', '2017-03-24 10:55:50', NULL, 'Tanya381@gmai.com', b'1', 'Christina', 'Εlizaveta ', '$2a$10$swt/HcEs2kZkAWHZ.ViZHOTcR7bNPxlEyjHD7wrzgSiPNP4EotrOO', '+380-67-509-11-32', 'ROLE_USER', 'FEMALE', 'Daniel381'),
  (401, '2017-03-24 10:55:50', '2017-03-24 10:55:50', NULL, 'Tanya382@gmai.com', b'1', 'Roman', 'Anya', '$2a$10$bnDLqsAbE/w8C50zHOzUS.lea1/gXjVpudoJ.rTYNSA.xItPLVCay', '+380-67-509-11-32', 'ROLE_USER', 'MALE', 'Roman382'),
  (402, '2017-03-24 10:55:50', '2017-03-24 10:55:50', NULL, 'Christina383@gmai.com', b'1', 'Vova', 'Dmitry', '$2a$10$1IWA6s6ubJNFTPTZHKR29eV8Tf4s7azxzflRArM5lXh.nZJRj2a1a', '+380-67-509-11-32', 'ROLE_USER', 'FEMALE', 'Yulia383'),
  (403, '2017-03-24 10:55:51', '2017-03-24 10:55:51', NULL, 'Alyex384@gmai.com', b'1', 'Vova', 'Aleksey', '$2a$10$i69zRwqZDKnVVipN4NcJlOjpo/71ABSuTxzefHMI7pZjWo2Ev3gD6', '+380-67-509-11-32', 'ROLE_USER', 'MALE', 'Dima384'),
  (404, '2017-03-24 10:55:51', '2017-03-24 10:55:51', NULL, 'Vova385@gmai.com', b'1', 'Andrey ', 'Alyex', '$2a$10$LFptp3OLEVT28aznoAFkbOUUPiV5Nn3hkp2ReGGZ9qQzYBU/RK5Fa', '+380-67-509-11-32', 'ROLE_USER', 'FEMALE', 'Tanya385'),
  (405, '2017-03-24 10:55:51', '2017-03-24 10:55:51', NULL, 'Alyex386@gmai.com', b'1', 'Lyubomir', 'Roman', '$2a$10$HKOuLLqm/YzXC2D/49kb..h7oU9k96ARrVG9eFJ7DU5f7inBUQE1G', '+380-67-509-11-32', 'ROLE_USER', 'MALE', 'Daniel386'),
  (406, '2017-03-24 10:55:51', '2017-03-24 10:55:51', NULL, 'Dmitry387@gmai.com', b'1', 'Roman', 'Roman', '$2a$10$7nATbxgu93F5ZerXwepx9eD4WvqlCQCkKFIbFRwHOrOs9AebBezLq', '+380-67-509-11-32', 'ROLE_USER', 'FEMALE', 'Dmitry387'),
  (407, '2017-03-24 10:55:51', '2017-03-24 10:55:51', NULL, 'Dmitry388@gmai.com', b'1', 'Εlizaveta ', 'Εlizaveta ', '$2a$10$Vg/OYx8p85o4C7u/.YJnE.onHhixKrrybHsN/xCU7AzW1QWegEZRW', '+380-67-509-11-32', 'ROLE_USER', 'MALE', 'Roman388'),
  (408, '2017-03-24 10:55:51', '2017-03-24 10:55:51', NULL, 'Vova389@gmai.com', b'1', 'Anya', 'Roman', '$2a$10$pYZVSyxq9eWAFtpCw3J.wuruN6NT/Nspwg62VSOSp9P3yUnVEHP62', '+380-67-509-11-32', 'ROLE_USER', 'FEMALE', 'Dima389'),
  (409, '2017-03-24 10:55:52', '2017-03-24 10:55:52', NULL, 'Andrey 390@gmai.com', b'1', 'Taras', 'Lyubomir', '$2a$10$RthTfmuGfZXUwBGeZjjqjuzpReKkTrcjxADtia3fOZnfiP2hP.tFO', '+380-67-509-11-32', 'ROLE_USER', 'MALE', 'Vova390'),
  (410, '2017-03-24 10:55:52', '2017-03-24 10:55:52', NULL, 'Lyubomir391@gmai.com', b'1', 'Lyubomir', 'Taras', '$2a$10$FuWssqVFWSyhOXQ7dlEPhuP0tLWDAQt1kLyPNSQvUxejj3a.hAwNy', '+380-67-509-11-32', 'ROLE_USER', 'FEMALE', 'Tanya391'),
  (411, '2017-03-24 10:55:52', '2017-03-24 10:55:52', NULL, 'Dmitry392@gmai.com', b'1', 'Εlizaveta ', 'Dmitry', '$2a$10$qq0mWvgWZxxCflx2EDbUZegzLbTfxnUGWLP09Q6B6r9nu1T.OjcQq', '+380-67-509-11-32', 'ROLE_USER', 'MALE', 'Dmitry392'),
  (412, '2017-03-24 10:55:52', '2017-03-24 10:55:52', NULL, 'Tanya393@gmai.com', b'1', 'Roman', 'Anya', '$2a$10$SAU8XC5gNCJHWKVD84AY9.hlz6l59DDHXXFZ0QzK6XLls4nZXsm6S', '+380-67-509-11-32', 'ROLE_USER', 'FEMALE', 'Anya393'),
  (413, '2017-03-24 10:55:52', '2017-03-24 10:55:52', NULL, 'Lyubomir394@gmai.com', b'1', 'Taras', 'Dmitry', '$2a$10$tuNEOpbEHAE1uGKp1bRgJ.ZaHWxzMAAe23fH7QysWHYAyaSsyR/Iy', '+380-67-509-11-32', 'ROLE_USER', 'MALE', 'Christina394'),
  (414, '2017-03-24 10:55:52', '2017-03-24 10:55:52', NULL, 'Vova395@gmai.com', b'1', 'Εlizaveta ', 'Yulia', '$2a$10$CAOXLYb8z1cc/lm17/pEj.SjJ1IbcTLNpdstohYiyFp9y4SyJhp3m', '+380-67-509-11-32', 'ROLE_USER', 'FEMALE', 'Tanya395'),
  (415, '2017-03-24 10:55:52', '2017-03-24 10:55:52', NULL, 'Dima396@gmai.com', b'1', 'Andrey ', 'Christina', '$2a$10$sPNEFVnRlDNWyp0APTfBpuOMqGsvWi0m.qgwivxcshP2/EwCKxvkG', '+380-67-509-11-32', 'ROLE_USER', 'MALE', 'Roman396'),
  (416, '2017-03-24 10:55:53', '2017-03-24 10:55:53', NULL, 'Dmitry397@gmai.com', b'1', 'Christina', 'Vova', '$2a$10$T2LmCyTgfL8j1QzANXzuXeBbV8daSRm1u3l7oWcuChPS1BKmCCqTa', '+380-67-509-11-32', 'ROLE_USER', 'FEMALE', 'Taras397'),
  (417, '2017-03-24 10:55:53', '2017-03-24 10:55:53', NULL, 'Yulia398@gmai.com', b'1', 'Lyubomir', 'Roman', '$2a$10$Aj5E1d2SfU75RPNhkLrR6eqhi82PS3Ufw5TQBki7ugNnNTvjOWsym', '+380-67-509-11-32', 'ROLE_USER', 'MALE', 'Tanya398'),
  (418, '2017-03-24 10:55:53', '2017-03-24 10:55:53', NULL, 'Εlizaveta 399@gmai.com', b'1', 'Tanya', 'Anya', '$2a$10$17txnxo3zMPPwCrlaaMDee7wFuhj3MV2xPq1gPmcywMk5PcGYs09S', '+380-67-509-11-32', 'ROLE_USER', 'FEMALE', 'Andrey 399'),
  (419, '2017-03-24 10:55:53', '2017-03-24 10:55:53', NULL, 'Alyex400@gmai.com', b'1', 'Roman', 'Lyubomir', '$2a$10$5YeS.ZnPo/BFC/oSuhlWae/Upt9R8YaPO8jcaNaMuwxrEPbK1ObXG', '+380-67-509-11-32', 'ROLE_USER', 'MALE', 'Εlizaveta 400'),
  (420, '2017-03-24 10:55:53', '2017-03-24 10:55:53', NULL, 'Dmitry401@gmai.com', b'1', 'Anya', 'Dmitry', '$2a$10$yL8kYMbsr4Lr5G/BmGa/meKjJM1orYqZcbyCfwlBUV7WoU5S1zTV6', '+380-67-509-11-32', 'ROLE_USER', 'FEMALE', 'Dima401'),
  (421, '2017-03-24 10:55:53', '2017-03-24 10:55:53', NULL, 'Daniel402@gmai.com', b'1', 'Vova', 'Anya', '$2a$10$TIi8CnjrBf2tQN0h8wV4y.Bi1/7oFnM1xdfjnCGkN2g/YpARE.stK', '+380-67-509-11-32', 'ROLE_USER', 'MALE', 'Alyex402'),
  (422, '2017-03-24 10:55:53', '2017-03-24 10:55:53', NULL, 'Lyubomir403@gmai.com', b'1', 'Tanya', 'Christina', '$2a$10$97PuFHp6TvcUkQ2HktOdx.bZS9rx.d9JEbXKtTrnAMptrxq.XnR2y', '+380-67-509-11-32', 'ROLE_USER', 'FEMALE', 'Anya403'),
  (423, '2017-03-24 10:55:54', '2017-03-24 10:55:54', NULL, 'Aleksey404@gmai.com', b'1', 'Andrey ', 'Tanya', '$2a$10$Rda.XmIczztAZ/rR7jw58.QhMvNnU9m0rzzkCEqI1wUp2XNtnUqqG', '+380-67-509-11-32', 'ROLE_USER', 'MALE', 'Daniel404'),
  (424, '2017-03-24 10:55:54', '2017-03-24 10:55:54', NULL, 'Roman405@gmai.com', b'1', 'Aleksey', 'Taras', '$2a$10$uvHn33S8phn3N/TA/o7IMuVDeJqT5z8WbUQOrlrLGfaz/KS1yA2iC', '+380-67-509-11-32', 'ROLE_USER', 'FEMALE', 'Roman405'),
  (425, '2017-03-24 10:55:54', '2017-03-24 10:55:54', NULL, 'Roman406@gmai.com', b'1', 'Daniel', 'Εlizaveta ', '$2a$10$1Fm2Y1Nwe4DV9aP45zT74.QZ5YuJ0EyhYQRxwuKmP2INMJ0rT1SyG', '+380-67-509-11-32', 'ROLE_USER', 'MALE', 'Tanya406'),
  (426, '2017-03-24 10:55:54', '2017-03-24 10:55:54', NULL, 'Εlizaveta 407@gmai.com', b'1', 'Dmitry', 'Tanya', '$2a$10$/v1gNGxBk5yv0hZJ34oGDOAguVcvn92RyEoi/wjdV4i/5eH4JDgEa', '+380-67-509-11-32', 'ROLE_USER', 'FEMALE', 'Yulia407'),
  (427, '2017-03-24 10:55:54', '2017-03-24 10:55:54', NULL, 'Tanya408@gmai.com', b'1', 'Christina', 'Εlizaveta ', '$2a$10$/PxJ1RV.LyJUn3Q5pFbwcu87hNLOfdGfGkpaZx1zs7n.Q.5RHAfX2', '+380-67-509-11-32', 'ROLE_USER', 'MALE', 'Yulia408'),
  (428, '2017-03-24 10:55:54', '2017-03-24 10:55:54', NULL, 'Lyubomir409@gmai.com', b'1', 'Daniel', 'Anya', '$2a$10$ujYLTW0eALhGS4.r7koKVubkC6ejyt6D6cZXAuj7Hh/6muoN8JyH6', '+380-67-509-11-32', 'ROLE_USER', 'FEMALE', 'Taras409'),
  (429, '2017-03-24 10:55:54', '2017-03-24 10:55:54', NULL, 'Daniel410@gmai.com', b'1', 'Yulia', 'Roman', '$2a$10$X6oQj3hhe4F20n.omga5x.pKP4xitg2tcCxxE/BRGJK6uzQHvwZ0O', '+380-67-509-11-32', 'ROLE_USER', 'MALE', 'Lyubomir410'),
  (430, '2017-03-24 10:55:55', '2017-03-24 10:55:55', NULL, 'Alyex411@gmai.com', b'1', 'Aleksey', 'Alyex', '$2a$10$J77c4tuJr09DduPcKPbf6OPEIMDtiKO5SaSsittiqKYItghW2Ox62', '+380-67-509-11-32', 'ROLE_USER', 'FEMALE', 'Aleksey411'),
  (431, '2017-03-24 10:55:55', '2017-03-24 10:55:55', NULL, 'Christina412@gmai.com', b'1', 'Aleksey', 'Daniel', '$2a$10$dmif6Ys6X4IOeJhsnbIoQufwBJq4p1ubeNAayEd1WCoUADqb6UKMi', '+380-67-509-11-32', 'ROLE_USER', 'MALE', 'Εlizaveta 412'),
  (432, '2017-03-24 10:55:55', '2017-03-24 10:55:55', NULL, 'Εlizaveta 413@gmai.com', b'1', 'Andrey ', 'Lyubomir', '$2a$10$HlXQhMrt6Pn8TWvychVXAujey8NapfJoDkfBcSzuy4lfy40hr5l2C', '+380-67-509-11-32', 'ROLE_USER', 'FEMALE', 'Dima413'),
  (433, '2017-03-24 10:55:55', '2017-03-24 10:55:55', NULL, 'Andrey 414@gmai.com', b'1', 'Andrey ', 'Yulia', '$2a$10$QSUQXv74JO4eEkPpcEKr6eUfDJNBdMA2rLR7nmkSEZjTfKcAL5rgq', '+380-67-509-11-32', 'ROLE_USER', 'MALE', 'Aleksey414'),
  (434, '2017-03-24 10:55:55', '2017-03-24 10:55:55', NULL, 'Vova415@gmai.com', b'1', 'Εlizaveta ', 'Taras', '$2a$10$uXO9WaN8Kmt9eXCj6iGwY.dvkq3EBOE3jldIbMeUL.XqYUdxzlOVO', '+380-67-509-11-32', 'ROLE_USER', 'FEMALE', 'Roman415'),
  (435, '2017-03-24 10:55:55', '2017-03-24 10:55:55', NULL, 'Andrey 416@gmai.com', b'1', 'Yulia', 'Taras', '$2a$10$TUMJUY0E9LEg0Rr2VdVZGu8cTfgGjIk/CWkeFtXFgUXuUF9fki/dy', '+380-67-509-11-32', 'ROLE_USER', 'MALE', 'Anya416'),
  (436, '2017-03-24 10:55:55', '2017-03-24 10:55:55', NULL, 'Εlizaveta 417@gmai.com', b'1', 'Aleksey', 'Andrey ', '$2a$10$4.GAQuHeMvqUMmdtv00dw.dju2sLXYPVyoQaC3zqRz3rhIcYdFb62', '+380-67-509-11-32', 'ROLE_USER', 'FEMALE', 'Roman417'),
  (437, '2017-03-24 10:55:56', '2017-03-24 10:55:56', NULL, 'Dima418@gmai.com', b'1', 'Vova', 'Taras', '$2a$10$ddZQCzBqLZLz8hkymfQmnuR9Xd5EWvfbJNNITC6EK9BT4OVm45AC2', '+380-67-509-11-32', 'ROLE_USER', 'MALE', 'Anya418'),
  (438, '2017-03-24 10:55:56', '2017-03-24 10:55:56', NULL, 'Εlizaveta 419@gmai.com', b'1', 'Christina', 'Daniel', '$2a$10$QI7BqCC00WXGqptG2ee5b.Q8Kb4UCUzpQFWQKlFx7F8vi7bRM/oxm', '+380-67-509-11-32', 'ROLE_USER', 'FEMALE', 'Daniel419'),
  (439, '2017-03-24 10:55:56', '2017-03-24 10:55:56', NULL, 'Alyex420@gmai.com', b'1', 'Aleksey', 'Daniel', '$2a$10$qHeflyRMBU2poSEIbUHXGOCqHaPmVzRpG/FdPTQ9JQZqLXkMB2rOu', '+380-67-509-11-32', 'ROLE_USER', 'MALE', 'Roman420'),
  (440, '2017-03-24 10:55:56', '2017-03-24 10:55:56', NULL, 'Roman421@gmai.com', b'1', 'Alyex', 'Roman', '$2a$10$6y2butlpTnSb3s8XjxLxLeInc.3He4VE0D5VepfjSVLOZxKE2wo3S', '+380-67-509-11-32', 'ROLE_USER', 'FEMALE', 'Alyex421'),
  (441, '2017-03-24 10:55:56', '2017-03-24 10:55:56', NULL, 'Taras422@gmai.com', b'1', 'Dima', 'Yulia', '$2a$10$o67eLHUnKhixCJGeqRJqh.O7NP805zNQebzP9wgeqqyJ8ntvLoS4i', '+380-67-509-11-32', 'ROLE_USER', 'MALE', 'Yulia422'),
  (442, '2017-03-24 10:55:56', '2017-03-24 10:55:56', NULL, 'Dima423@gmai.com', b'1', 'Anya', 'Roman', '$2a$10$Rp5VcJkzIM7WjAjPIPsfaeSyrk2lknZOc/lSLSf5DzSgk6jxJH65C', '+380-67-509-11-32', 'ROLE_USER', 'FEMALE', 'Aleksey423'),
  (443, '2017-03-24 10:55:56', '2017-03-24 10:55:56', NULL, 'Anya424@gmai.com', b'1', 'Vova', 'Christina', '$2a$10$.MHWrDrNmSrcjlA786X3JOv0yCHwuM6Lt2W30y5.tH3o6iOIuTUWq', '+380-67-509-11-32', 'ROLE_USER', 'MALE', 'Tanya424'),
  (444, '2017-03-24 10:55:57', '2017-03-24 10:55:57', NULL, 'Daniel425@gmai.com', b'1', 'Tanya', 'Andrey ', '$2a$10$ugaNdUtaNI0Ngi5TxTFFlO6U5DfDejFwxXEs6ocAkOjvfmcNw.HgO', '+380-67-509-11-32', 'ROLE_USER', 'FEMALE', 'Andrey 425'),
  (445, '2017-03-24 10:55:57', '2017-03-24 10:55:57', NULL, 'Yulia426@gmai.com', b'1', 'Taras', 'Taras', '$2a$10$J2tHSxEVLZya5zC/xFh2quFU3y6qU.0FYDbzHmPjdH45XBZz5D.Oa', '+380-67-509-11-32', 'ROLE_USER', 'MALE', 'Alyex426'),
  (446, '2017-03-24 10:55:57', '2017-03-24 10:55:57', NULL, 'Daniel427@gmai.com', b'1', 'Vova', 'Yulia', '$2a$10$Mbkr4HUbBffEmXSK/SFfzOivLQHYkr6gytlwFmfViFbaWE3Tg0nK.', '+380-67-509-11-32', 'ROLE_USER', 'FEMALE', 'Dima427'),
  (447, '2017-03-24 10:55:57', '2017-03-24 10:55:57', NULL, 'Taras428@gmai.com', b'1', 'Andrey ', 'Dima', '$2a$10$eeQXvR1sb9uZ4Cpnvo3RJeTwtycZfd4VXtgonDDLGr7nrNnpqhW3y', '+380-67-509-11-32', 'ROLE_USER', 'MALE', 'Daniel428'),
  (448, '2017-03-24 10:55:57', '2017-03-24 10:55:57', NULL, 'Andrey 429@gmai.com', b'1', 'Taras', 'Dmitry', '$2a$10$bHVnak3/Tcee5XRDRYzCUOjyuJ2H9RocLReL0kjm2lo6UjuZ8yWL.', '+380-67-509-11-32', 'ROLE_USER', 'FEMALE', 'Εlizaveta 429'),
  (449, '2017-03-24 10:55:57', '2017-03-24 10:55:57', NULL, 'Taras430@gmai.com', b'1', 'Aleksey', 'Tanya', '$2a$10$snPz0iNKTczZ/txEkDlzzeEjDrV6Nc8JG5OU8jVXjkkXp4b5.bJPa', '+380-67-509-11-32', 'ROLE_USER', 'MALE', 'Tanya430'),
  (450, '2017-03-24 10:55:57', '2017-03-24 10:55:57', NULL, 'Alyex431@gmai.com', b'1', 'Yulia', 'Anya', '$2a$10$d02fEsfm1FBYygeYzxsIG.HVgaLlAzXaGtCyRk3zVv/4q6JM03RSS', '+380-67-509-11-32', 'ROLE_USER', 'FEMALE', 'Yulia431'),
  (451, '2017-03-24 10:55:58', '2017-03-24 10:55:58', NULL, 'Dima432@gmai.com', b'1', 'Andrey ', 'Aleksey', '$2a$10$ggpvt.6rf7FaBgNLI06imePL5oQawsHHzJoi6PYoIJJG8qkB8hb7e', '+380-67-509-11-32', 'ROLE_USER', 'MALE', 'Vova432'),
  (452, '2017-03-24 10:55:58', '2017-03-24 10:55:58', NULL, 'Dmitry433@gmai.com', b'1', 'Roman', 'Aleksey', '$2a$10$kRiWQeyHHJyDsR2YuF4F0uIaMOvLjsxSpS0aLS.VSUT9y7IWYT7Uy', '+380-67-509-11-32', 'ROLE_USER', 'FEMALE', 'Aleksey433'),
  (453, '2017-03-24 10:55:58', '2017-03-24 10:55:58', NULL, 'Roman434@gmai.com', b'1', 'Lyubomir', 'Roman', '$2a$10$5RxqGZ6ba2/U5maiyz54CecLZo03mQD1Gin93qa0NJI.GOfuY97Du', '+380-67-509-11-32', 'ROLE_USER', 'MALE', 'Εlizaveta 434'),
  (454, '2017-03-24 10:55:58', '2017-03-24 10:55:58', NULL, 'Dmitry435@gmai.com', b'1', 'Tanya', 'Andrey ', '$2a$10$ffSHVd9ahZW0ZiaAZsHfqe33vf660d9lZbrdhtlO2Mqb8H7OSEz02', '+380-67-509-11-32', 'ROLE_USER', 'FEMALE', 'Aleksey435'),
  (455, '2017-03-24 10:55:58', '2017-03-24 10:55:58', NULL, 'Tanya436@gmai.com', b'1', 'Aleksey', 'Daniel', '$2a$10$eQ417k8ym7iTgQlSlPcO/.Bmtq6eOJPzYl2dqYuOdxZUxrBDnLqNq', '+380-67-509-11-32', 'ROLE_USER', 'MALE', 'Roman436'),
  (456, '2017-03-24 10:55:58', '2017-03-24 10:55:58', NULL, 'Lyubomir437@gmai.com', b'1', 'Taras', 'Alyex', '$2a$10$hFqGBP04MDNX6YJQ2Ini/.3UOsnhqT4wdtnd.R7eywA8Udq4BufyK', '+380-67-509-11-32', 'ROLE_USER', 'FEMALE', 'Alyex437'),
  (457, '2017-03-24 10:55:58', '2017-03-24 10:55:58', NULL, 'Andrey 438@gmai.com', b'1', 'Dmitry', 'Dmitry', '$2a$10$2xeElHhC/G.CP78WBP9LtuX2swb0pP5IZEv.WMBjezKu39gCh0F9.', '+380-67-509-11-32', 'ROLE_USER', 'MALE', 'Anya438'),
  (458, '2017-03-24 10:55:59', '2017-03-24 10:55:59', NULL, 'Anya439@gmai.com', b'1', 'Daniel', 'Andrey ', '$2a$10$9TE/7wd79qpudzepm6uV8ez.cIX4lLTbf4PJEubL6gHv5kSKlnj42', '+380-67-509-11-32', 'ROLE_USER', 'FEMALE', 'Anya439'),
  (459, '2017-03-24 10:55:59', '2017-03-24 10:55:59', NULL, 'Lyubomir440@gmai.com', b'1', 'Daniel', 'Andrey ', '$2a$10$Q4j4jpw.6X/Km3CkTRFnr.OG9dazlrAsOHbI.35EA0LaTCOkiG3.u', '+380-67-509-11-32', 'ROLE_USER', 'MALE', 'Lyubomir440'),
  (460, '2017-03-24 10:55:59', '2017-03-24 10:55:59', NULL, 'Andrey 441@gmai.com', b'1', 'Daniel', 'Dima', '$2a$10$6Vj3vfIhaXaP.KHiNOfmCeHgIjCDGfaCiCOPL90G5k1u.q2cqFuCW', '+380-67-509-11-32', 'ROLE_USER', 'FEMALE', 'Εlizaveta 441'),
  (461, '2017-03-24 10:55:59', '2017-03-24 10:55:59', NULL, 'Vova442@gmai.com', b'1', 'Christina', 'Christina', '$2a$10$h.eYNXre4MnnRfAnz.uMseFCGbmgCBdYvBh9CpjfuKbQNu07.iqmq', '+380-67-509-11-32', 'ROLE_USER', 'MALE', 'Daniel442'),
  (462, '2017-03-24 10:55:59', '2017-03-24 10:55:59', NULL, 'Tanya443@gmai.com', b'1', 'Tanya', 'Dima', '$2a$10$bKC0oEfLb7VxMGIPWc.1X.46I1mfHNV6E1f4Rtde347gT5h9xSn7a', '+380-67-509-11-32', 'ROLE_USER', 'FEMALE', 'Vova443'),
  (463, '2017-03-24 10:55:59', '2017-03-24 10:55:59', NULL, 'Vova444@gmai.com', b'1', 'Christina', 'Aleksey', '$2a$10$bld/a6JhjP848OguR7WsbetXg/2RQ7ITcIecloeemdDzxshRMvmMm', '+380-67-509-11-32', 'ROLE_USER', 'MALE', 'Εlizaveta 444'),
  (464, '2017-03-24 10:55:59', '2017-03-24 10:55:59', NULL, 'Andrey 445@gmai.com', b'1', 'Alyex', 'Roman', '$2a$10$wNRrPdK6CXvAdT/1tRX4Uex2k/gdmrzgQ7RzTYj0yN6dmb9DpwGae', '+380-67-509-11-32', 'ROLE_USER', 'FEMALE', 'Roman445'),
  (465, '2017-03-24 10:56:00', '2017-03-24 10:56:00', NULL, 'Christina446@gmai.com', b'1', 'Taras', 'Christina', '$2a$10$SGdmcZ3q.nanHdY4kx9GOOxOg6x3VM/qhGfxO8IAi/q8sKmIL/DxS', '+380-67-509-11-32', 'ROLE_USER', 'MALE', 'Christina446'),
  (466, '2017-03-24 10:56:00', '2017-03-24 10:56:00', NULL, 'Andrey 447@gmai.com', b'1', 'Christina', 'Anya', '$2a$10$O/CEQUzreCNevLnsPswIfO9SEi5jWgVxz2W8QGs/orYNz5lkqRBHO', '+380-67-509-11-32', 'ROLE_USER', 'FEMALE', 'Andrey 447'),
  (467, '2017-03-24 10:56:00', '2017-03-24 10:56:00', NULL, 'Yulia448@gmai.com', b'1', 'Roman', 'Tanya', '$2a$10$ujHqUB/.LVrIsJrRAmKXheJ4fma9mw6pcfMKY7KjUja53PQNlvdEy', '+380-67-509-11-32', 'ROLE_USER', 'MALE', 'Dmitry448'),
  (468, '2017-03-24 10:56:00', '2017-03-24 10:56:00', NULL, 'Dima449@gmai.com', b'1', 'Roman', 'Tanya', '$2a$10$Yooad1mG299zgAdMo/k48.Exvsr/V30HNamftyPzFwJxvpKq8QUG2', '+380-67-509-11-32', 'ROLE_USER', 'FEMALE', 'Yulia449'),
  (469, '2017-03-24 10:56:00', '2017-03-24 10:56:00', NULL, 'Daniel450@gmai.com', b'1', 'Tanya', 'Taras', '$2a$10$BvGb6O.4JAnvIpB66TI4fenaTzgknG53d9ofAt852TdTOpX4Pt8li', '+380-67-509-11-32', 'ROLE_USER', 'MALE', 'Dima450'),
  (470, '2017-03-24 10:56:00', '2017-03-24 10:56:00', NULL, 'Aleksey451@gmai.com', b'1', 'Aleksey', 'Christina', '$2a$10$vYuypoYnlqiKwCFjvpy6Eu1afuL3adKjq7qgQc9pJjoiAmF7BgB5K', '+380-67-509-11-32', 'ROLE_USER', 'FEMALE', 'Roman451'),
  (471, '2017-03-24 10:56:00', '2017-03-24 10:56:00', NULL, 'Daniel452@gmai.com', b'1', 'Alyex', 'Taras', '$2a$10$r/mpHeQSqZtPCgDrpiNxtOiIxbQp19pEb1s6vDg3o9O0Z7zsv9D.O', '+380-67-509-11-32', 'ROLE_USER', 'MALE', 'Dima452'),
  (472, '2017-03-24 10:56:01', '2017-03-24 10:56:01', NULL, 'Roman453@gmai.com', b'1', 'Christina', 'Roman', '$2a$10$5OHz6nlETQVi9D4cUBLYlu.60T3Y4/vwx8hte8ZiJiKMrb2ADse2O', '+380-67-509-11-32', 'ROLE_USER', 'FEMALE', 'Tanya453'),
  (473, '2017-03-24 10:56:01', '2017-03-24 10:56:01', NULL, 'Εlizaveta 454@gmai.com', b'1', 'Aleksey', 'Christina', '$2a$10$YmqMkdCthG/1XLwg7sf4iuZC96GZei983YAVUVGM9Do/IVBk2mDLG', '+380-67-509-11-32', 'ROLE_USER', 'MALE', 'Anya454'),
  (474, '2017-03-24 10:56:01', '2017-03-24 10:56:01', NULL, 'Anya455@gmai.com', b'1', 'Εlizaveta ', 'Lyubomir', '$2a$10$HjzstjbwA6gxAanVOZlBQ.umL.AFXzYVPlrIAX9210RIRLUl8YzbG', '+380-67-509-11-32', 'ROLE_USER', 'FEMALE', 'Andrey 455'),
  (475, '2017-03-24 10:56:01', '2017-03-24 10:56:01', NULL, 'Aleksey456@gmai.com', b'1', 'Andrey ', 'Tanya', '$2a$10$XfvSoHNHWo..UZTYcmJ3f.4JC0DF9giTQzWqnJxcnXHAOhPp.C7xi', '+380-67-509-11-32', 'ROLE_USER', 'MALE', 'Daniel456'),
  (476, '2017-03-24 10:56:01', '2017-03-24 10:56:01', NULL, 'Tanya457@gmai.com', b'1', 'Taras', 'Yulia', '$2a$10$H5.y9pDerhVqCLDo3EetyeRTkCzbCOhZNsCD9K7eutlrwFRA0quh.', '+380-67-509-11-32', 'ROLE_USER', 'FEMALE', 'Taras457'),
  (477, '2017-03-24 10:56:01', '2017-03-24 10:56:01', NULL, 'Daniel458@gmai.com', b'1', 'Taras', 'Dmitry', '$2a$10$pa5XuFX9I8QkjsI8mTzytO776ZiXOzpIhkmoC.m7D4Lb3hXRSfwjW', '+380-67-509-11-32', 'ROLE_USER', 'MALE', 'Lyubomir458'),
  (478, '2017-03-24 10:56:01', '2017-03-24 10:56:01', NULL, 'Dima459@gmai.com', b'1', 'Dmitry', 'Vova', '$2a$10$d7.FPnamGJWcYzry1uZCCerPpn2J4YDPyoqDjkuM.IJJg1uRWcfeK', '+380-67-509-11-32', 'ROLE_USER', 'FEMALE', 'Christina459'),
  (479, '2017-03-24 10:56:02', '2017-03-24 10:56:02', NULL, 'Taras460@gmai.com', b'1', 'Alyex', 'Yulia', '$2a$10$ub8XDJJ31EkRQZ.4lYEAee0O0D0zkNsyHdpLE8Ci5Nb8eR8FeW8Qu', '+380-67-509-11-32', 'ROLE_USER', 'MALE', 'Anya460'),
  (480, '2017-03-24 10:56:02', '2017-03-24 10:56:02', NULL, 'Εlizaveta 461@gmai.com', b'1', 'Aleksey', 'Lyubomir', '$2a$10$hG8ZCnxLSI7f1GCxxE/tVOS3VaorPpmylUmYOVR3/VK7m4nUGIrV.', '+380-67-509-11-32', 'ROLE_USER', 'FEMALE', 'Daniel461'),
  (481, '2017-03-24 10:56:02', '2017-03-24 10:56:02', NULL, 'Vova462@gmai.com', b'1', 'Anya', 'Taras', '$2a$10$8hdA4keTI8qwRUhi3qc8jOugvuwCf/PcNmyzGb7YA6CgRNxRz6VJS', '+380-67-509-11-32', 'ROLE_USER', 'MALE', 'Lyubomir462'),
  (482, '2017-03-24 10:56:02', '2017-03-24 10:56:02', NULL, 'Lyubomir463@gmai.com', b'1', 'Dima', 'Lyubomir', '$2a$10$08osIcJPwWJpZU4oZQS3P.DYuB1o/7SbbIruQbuJeQEbLAbZ5RNe6', '+380-67-509-11-32', 'ROLE_USER', 'FEMALE', 'Dmitry463'),
  (483, '2017-03-24 10:56:02', '2017-03-24 10:56:02', NULL, 'Aleksey464@gmai.com', b'1', 'Lyubomir', 'Daniel', '$2a$10$pIQK8Z5eihT710ICa3bC3.onO01Uw60c7nqwdToUoU8qEKLXnO7s6', '+380-67-509-11-32', 'ROLE_USER', 'MALE', 'Roman464'),
  (484, '2017-03-24 10:56:02', '2017-03-24 10:56:02', NULL, 'Dima465@gmai.com', b'1', 'Lyubomir', 'Dima', '$2a$10$LA2rfszGQk/esU08eVR6kO3s5k0FviSaQpNiwKp7uNUROolKMc6s2', '+380-67-509-11-32', 'ROLE_USER', 'FEMALE', 'Roman465'),
  (485, '2017-03-24 10:56:02', '2017-03-24 10:56:02', NULL, 'Dima466@gmai.com', b'1', 'Anya', 'Andrey ', '$2a$10$hJybbD5J3uwwHHuJSBXm9.WUjb9HT8DvaNSMjgt8cMy1zFnNOBy3u', '+380-67-509-11-32', 'ROLE_USER', 'MALE', 'Andrey 466'),
  (486, '2017-03-24 10:56:03', '2017-03-24 10:56:03', NULL, 'Vova467@gmai.com', b'1', 'Andrey ', 'Taras', '$2a$10$g.SJomdPQhQs4Ty8tixhEOsnH58Pg2ZcDE9tSNCLoG8iNiEb4rZJO', '+380-67-509-11-32', 'ROLE_USER', 'FEMALE', 'Vova467'),
  (487, '2017-03-24 10:56:03', '2017-03-24 10:56:03', NULL, 'Aleksey468@gmai.com', b'1', 'Εlizaveta ', 'Εlizaveta ', '$2a$10$A17wwQU3H.oczY0YF53vquxcMWVrUUrrzXctb5tW7abL/6Du/3aRS', '+380-67-509-11-32', 'ROLE_USER', 'MALE', 'Vova468'),
  (488, '2017-03-24 10:56:03', '2017-03-24 10:56:03', NULL, 'Tanya469@gmai.com', b'1', 'Yulia', 'Roman', '$2a$10$9N.ibQ9aaszI/0FmwxpE3.wImkaKkmpsjimbSWOqHukrq6H05jPpW', '+380-67-509-11-32', 'ROLE_USER', 'FEMALE', 'Christina469'),
  (489, '2017-03-24 10:56:03', '2017-03-24 10:56:03', NULL, 'Lyubomir470@gmai.com', b'1', 'Andrey ', 'Aleksey', '$2a$10$6Nqj0oUD/ev4LOuHSOuVMuPV4zmAYzlCJTbU5.fpHb7GbEZXk6iD2', '+380-67-509-11-32', 'ROLE_USER', 'MALE', 'Vova470'),
  (490, '2017-03-24 10:56:03', '2017-03-24 10:56:03', NULL, 'Anya471@gmai.com', b'1', 'Lyubomir', 'Dima', '$2a$10$8epoOVB.hlq6Tr97vom.OOxHnF/.m5VpOhIo7S0LxbOaZAABGzhfm', '+380-67-509-11-32', 'ROLE_USER', 'FEMALE', 'Anya471'),
  (491, '2017-03-24 10:56:03', '2017-03-24 10:56:03', NULL, 'Lyubomir472@gmai.com', b'1', 'Dima', 'Andrey ', '$2a$10$8vEQ8LinIAfsGInL1Hejh.StUR86ytAa62Z0cbs/7GPGjOI63REne', '+380-67-509-11-32', 'ROLE_USER', 'MALE', 'Dmitry472'),
  (492, '2017-03-24 10:56:03', '2017-03-24 10:56:03', NULL, 'Andrey 473@gmai.com', b'1', 'Tanya', 'Yulia', '$2a$10$2/JiBJQM8Oq8M3lpxGLf5eFdGWESPGmmEB9VPpUM8h0hBlZnekKWm', '+380-67-509-11-32', 'ROLE_USER', 'FEMALE', 'Vova473'),
  (493, '2017-03-24 10:56:04', '2017-03-24 10:56:04', NULL, 'Lyubomir474@gmai.com', b'1', 'Daniel', 'Yulia', '$2a$10$pX.yfURX4rWZTrmH/VYlCO0pzY.cQ0WRMYH0MjA6MnqjsFGJJ2g1a', '+380-67-509-11-32', 'ROLE_USER', 'MALE', 'Anya474'),
  (494, '2017-03-24 10:56:04', '2017-03-24 10:56:04', NULL, 'Dima475@gmai.com', b'1', 'Vova', 'Aleksey', '$2a$10$1ByrHyQICBGPDvA1QqjoMuO9vHbbzKZsCuAAlaL0ztaaG.xFcu3DC', '+380-67-509-11-32', 'ROLE_USER', 'FEMALE', 'Dmitry475'),
  (495, '2017-03-24 10:56:04', '2017-03-24 10:56:04', NULL, 'Christina476@gmai.com', b'1', 'Christina', 'Dima', '$2a$10$ez6Fp6ssr6q/6hGmsusLou/nYDmnURosgnssF7NciM33kDACF0dH2', '+380-67-509-11-32', 'ROLE_USER', 'MALE', 'Anya476'),
  (496, '2017-03-24 10:56:04', '2017-03-24 10:56:04', NULL, 'Dima477@gmai.com', b'1', 'Roman', 'Daniel', '$2a$10$6aWLWEKyIIZ0zL3EKuFuReCyZK4AGA2BdvMy9hulRgbMlwkJ0kpJ2', '+380-67-509-11-32', 'ROLE_USER', 'FEMALE', 'Tanya477'),
  (497, '2017-03-24 10:56:04', '2017-03-24 10:56:04', NULL, 'Christina478@gmai.com', b'1', 'Εlizaveta ', 'Vova', '$2a$10$Igw4NRamc/4wKK868cWbOOGRfzTSmobAziM11wfJx1QQl1f6HSkbG', '+380-67-509-11-32', 'ROLE_USER', 'MALE', 'Yulia478'),
  (498, '2017-03-24 10:56:04', '2017-03-24 10:56:04', NULL, 'Roman479@gmai.com', b'1', 'Aleksey', 'Lyubomir', '$2a$10$vdbWZp4Yjiu3w9/Hdtf5Pe/PhCpABJssKF/53vY/VHWjdFVx4.yhi', '+380-67-509-11-32', 'ROLE_USER', 'FEMALE', 'Lyubomir479'),
  (499, '2017-03-24 10:56:04', '2017-03-24 10:56:04', NULL, 'Vova480@gmai.com', b'1', 'Daniel', 'Daniel', '$2a$10$SuXFL2Z5wKvQFFgZRx.5jOfeCojvzfr5JGzNrfxhnSNGQZHWoa98m', '+380-67-509-11-32', 'ROLE_USER', 'MALE', 'Aleksey480'),
  (500, '2017-03-24 10:56:05', '2017-03-24 10:56:05', NULL, 'Roman481@gmai.com', b'1', 'Yulia', 'Yulia', '$2a$10$3l6fkw7cPr93u.36SjmVBuSisEBgL7XF0oD9qVfJHvpbGrPDrbBwi', '+380-67-509-11-32', 'ROLE_USER', 'FEMALE', 'Aleksey481'),
  (501, '2017-03-24 10:56:05', '2017-03-24 10:56:05', NULL, 'Lyubomir482@gmai.com', b'1', 'Tanya', 'Daniel', '$2a$10$7H0F33ChHlVXy5qx7QX29utbkukdWzdxcAXtVrgLE567.I38N18Vq', '+380-67-509-11-32', 'ROLE_USER', 'MALE', 'Tanya482'),
  (502, '2017-03-24 10:56:05', '2017-03-24 10:56:05', NULL, 'Vova483@gmai.com', b'1', 'Roman', 'Tanya', '$2a$10$1kOJ7pRu/JLVebWOGnfouOZNPSZ2535BSZSbvJCB3zbbB2lhf0UgS', '+380-67-509-11-32', 'ROLE_USER', 'FEMALE', 'Dmitry483'),
  (503, '2017-03-24 10:56:05', '2017-03-24 10:56:05', NULL, 'Daniel484@gmai.com', b'1', 'Yulia', 'Aleksey', '$2a$10$h0Jmpkbz3oP16peTOkRr/OUYq9DI4PVqqwVmULITUtHK8CObacFKS', '+380-67-509-11-32', 'ROLE_USER', 'MALE', 'Yulia484'),
  (504, '2017-03-24 10:56:05', '2017-03-24 10:56:05', NULL, 'Εlizaveta 485@gmai.com', b'1', 'Vova', 'Christina', '$2a$10$6ydOGMb9GVymxTiFlBBMkekPTcKYh2zfbNofDlVs/R0G8sbzvdzIa', '+380-67-509-11-32', 'ROLE_USER', 'FEMALE', 'Tanya485'),
  (505, '2017-03-24 10:56:05', '2017-03-24 10:56:05', NULL, 'Anya486@gmai.com', b'1', 'Aleksey', 'Yulia', '$2a$10$f5dXumsW3g5HTYxHH26wGuj5hKa5JGUm5VacZZTbcQK3IW1//X4ba', '+380-67-509-11-32', 'ROLE_USER', 'MALE', 'Taras486'),
  (506, '2017-03-24 10:56:05', '2017-03-24 10:56:05', NULL, 'Christina487@gmai.com', b'1', 'Dima', 'Tanya', '$2a$10$hI1houDpQ9hlqECyen7uxu0jzG/1johWz4uqdmRO2LrrDPVzVzY.2', '+380-67-509-11-32', 'ROLE_USER', 'FEMALE', 'Dmitry487'),
  (507, '2017-03-24 10:56:06', '2017-03-24 10:56:06', NULL, 'Anya488@gmai.com', b'1', 'Lyubomir', 'Aleksey', '$2a$10$8q3fVjXVIUiK9W9U3wTnxevrx.C.UR28enrKd/BW/gSBY5F.U7WqC', '+380-67-509-11-32', 'ROLE_USER', 'MALE', 'Dmitry488'),
  (508, '2017-03-24 10:56:06', '2017-03-24 10:56:06', NULL, 'Taras489@gmai.com', b'1', 'Dima', 'Εlizaveta ', '$2a$10$4S7S6eelk5PyHegAzzpaDuuJuKtL/zqvpEWByKy2ixOGs3wupqBju', '+380-67-509-11-32', 'ROLE_USER', 'FEMALE', 'Εlizaveta 489'),
  (509, '2017-03-24 10:56:06', '2017-03-24 10:56:06', NULL, 'Yulia490@gmai.com', b'1', 'Dmitry', 'Taras', '$2a$10$UHItG/N1aupMCBR7wuGR4.ZNIxhSXt7u.JYgEhA4anO/kMWATGuqq', '+380-67-509-11-32', 'ROLE_USER', 'MALE', 'Daniel490'),
  (510, '2017-03-24 10:56:06', '2017-03-24 10:56:06', NULL, 'Tanya491@gmai.com', b'1', 'Yulia', 'Taras', '$2a$10$nRWsWnaBQzYJdxGNUoQ7ROlkmaS2jI6W0yyUP/OthY/2wHX2yJHia', '+380-67-509-11-32', 'ROLE_USER', 'FEMALE', 'Roman491'),
  (511, '2017-03-24 10:56:06', '2017-03-24 10:56:06', NULL, 'Daniel492@gmai.com', b'1', 'Vova', 'Taras', '$2a$10$HNFfMp.I/pXHjJem6DUhvOZO/Xj7yytkBOIPN/pqCHB2hMK9J9Qpu', '+380-67-509-11-32', 'ROLE_USER', 'MALE', 'Lyubomir492'),
  (512, '2017-03-24 10:56:06', '2017-03-24 10:56:06', NULL, 'Yulia493@gmai.com', b'1', 'Taras', 'Daniel', '$2a$10$Pis73gJpSHV9wyAb/PQhleCNm4EULTZcYZ9Cq4UDL.Pnhe.n.TLei', '+380-67-509-11-32', 'ROLE_USER', 'FEMALE', 'Lyubomir493'),
  (513, '2017-03-24 10:56:06', '2017-03-24 10:56:06', NULL, 'Tanya494@gmai.com', b'1', 'Aleksey', 'Tanya', '$2a$10$BRNn/N8XeMn2BfAo7Rz4tOdKMsn1UnXvbOpBe7qaKze92tsxyaPaW', '+380-67-509-11-32', 'ROLE_USER', 'MALE', 'Daniel494'),
  (514, '2017-03-24 10:56:06', '2017-03-24 10:56:06', NULL, 'Dima495@gmai.com', b'1', 'Vova', 'Dima', '$2a$10$VJaqYFzBo4/gXJH00tX33OURpFQBem8W4904HzggI69CJujB/zthm', '+380-67-509-11-32', 'ROLE_USER', 'FEMALE', 'Dmitry495'),
  (515, '2017-03-24 10:56:07', '2017-03-24 10:56:07', NULL, 'Alyex496@gmai.com', b'1', 'Lyubomir', 'Dmitry', '$2a$10$j0L8MryTQIZJW34wtUJGYutSMcsST08VepLo7qWbk1VgDroLLeviS', '+380-67-509-11-32', 'ROLE_USER', 'MALE', 'Εlizaveta 496'),
  (516, '2017-03-24 10:56:07', '2017-03-24 10:56:07', NULL, 'Tanya497@gmai.com', b'1', 'Roman', 'Roman', '$2a$10$Gz97xAYc5lMssU.OwJZUnedCPfuq12pMEcX8.31BSv8qbDqEzz/HK', '+380-67-509-11-32', 'ROLE_USER', 'FEMALE', 'Dima497'),
  (517, '2017-03-24 10:56:07', '2017-03-24 10:56:07', NULL, 'Aleksey498@gmai.com', b'1', 'Tanya', 'Yulia', '$2a$10$nM8X5nefhU4vbFhdP8hGf.pDQBNKK8hbLqB5pecjFx6oVdkojUwxy', '+380-67-509-11-32', 'ROLE_USER', 'MALE', 'Aleksey498'),
  (518, '2017-03-24 10:56:07', '2017-03-24 10:56:07', NULL, 'Dmitry499@gmai.com', b'1', 'Christina', 'Yulia', '$2a$10$J7BjkSlO46.7P6H.5cCz9.59LMRFEvcr/ztobbpMvk..WZqFZ2eNO', '+380-67-509-11-32', 'ROLE_USER', 'FEMALE', 'Anya499');
/*!40000 ALTER TABLE `user` ENABLE KEYS */;
/*------------------------------------------------*/
/*!40000 ALTER TABLE `cart` DISABLE KEYS */;
INSERT INTO `cart` (`id`, `created_date`, `modified_date`, `quantity`, `product_id`, `user_id`) VALUES
  (1, '2017-03-24 10:54:51', '2017-03-24 10:54:51', 2, 1, 2),
  (2, '2017-03-24 10:54:51', '2017-03-24 10:54:51', 4, 5, 2),
  (3, '2017-03-24 10:54:51', '2017-03-24 10:54:51', 1, 9, 2);
/*!40000 ALTER TABLE `cart` ENABLE KEYS */;
